repetition, trial, tTest, response, mean_mean, mean_sd
1,1,-1.000000,1,-1.356632,1.241629
1,2,-1.356632,1,-1.677173,1.147428
1,3,-1.677173,1,-1.955802,1.037306
1,4,-1.955802,1,-2.194634,0.924403
1,5,-2.194634,0,-1.371991,0.887522
1,6,-1.371991,1,-1.566999,0.745941
1,7,-1.566999,1,-1.709634,0.617506
1,8,-1.709634,1,-1.814317,0.511488
1,9,-1.814317,1,-1.893180,0.428550
1,10,-1.893180,1,-1.955140,0.366922
1,11,-1.955140,1,-2.006415,0.324192
1,12,-2.006415,0,-1.818774,0.368823
1,13,-1.818774,1,-1.866135,0.297256
1,14,-1.866135,1,-1.901490,0.243148
1,15,-1.901490,1,-1.928853,0.201817
1,16,-1.928853,0,-1.822047,0.286404
1,17,-1.822047,1,-1.853309,0.229729
1,18,-1.853309,1,-1.876628,0.186740
1,19,-1.876628,1,-1.894899,0.154816
1,20,-1.894899,1,-1.909671,0.130186
1,21,-1.909671,1,-1.922143,0.112068
1,22,-1.922143,1,-1.932920,0.098511
1,23,-1.932920,1,-1.942465,0.088515
1,24,-1.942465,1,-1.951103,0.081228
1,25,-1.951103,1,-1.959061,0.075963
1,26,-1.959061,1,-1.966503,0.072194
1,27,-1.966503,1,-1.973547,0.069540
1,28,-1.973547,1,-1.980148,0.067575
1,29,-1.980148,1,-1.986505,0.066300
1,30,-1.986505,1,-1.992676,0.065599
1,31,-1.992676,1,-1.998577,0.065239
1,32,-1.998577,0,-1.972827,0.058121
1,33,-1.972827,1,-1.978026,0.056338
1,34,-1.978026,1,-1.983032,0.054887
1,35,-1.983032,1,-1.987784,0.053624
1,36,-1.987784,1,-1.992400,0.052576
1,37,-1.992400,0,-1.971933,0.052006
1,38,-1.971933,1,-1.976276,0.050634
1,39,-1.976276,1,-1.980476,0.049459
1,40,-1.980476,1,-1.984481,0.048394
2,1,-1.000000,1,-1.356632,1.241629
2,2,-1.356632,1,-1.677173,1.147428
2,3,-1.677173,1,-1.955802,1.037306
2,4,-1.955802,0,-1.022668,0.920733
2,5,-1.022668,1,-1.243175,0.792314
2,6,-1.243175,1,-1.407345,0.664640
2,7,-1.407345,1,-1.528574,0.555600
2,8,-1.528574,1,-1.619979,0.469044
2,9,-1.619979,1,-1.691387,0.403947
2,10,-1.691387,1,-1.749478,0.357738
2,11,-1.749478,1,-1.799050,0.328187
2,12,-1.799050,1,-1.843382,0.312592
2,13,-1.843382,1,-1.884687,0.308135
2,14,-1.884687,1,-1.925276,0.313581
2,15,-1.925276,1,-1.968533,0.329618
2,16,-1.968533,1,-2.016533,0.353548
2,17,-2.016533,1,-2.073942,0.385903
2,18,-2.073942,0,-1.889721,0.150380
2,19,-1.889721,1,-1.908717,0.138178
2,20,-1.908717,1,-1.925633,0.129889
2,21,-1.925633,1,-1.940999,0.124968
2,22,-1.940999,1,-1.954986,0.122469
2,23,-1.954986,1,-1.967889,0.122088
2,24,-1.967889,0,-1.915068,0.096220
2,25,-1.915068,1,-1.926233,0.088892
2,26,-1.926233,1,-1.936278,0.083112
2,27,-1.936278,1,-1.945415,0.078579
2,28,-1.945415,1,-1.953816,0.075061
2,29,-1.953816,1,-1.961484,0.072219
2,30,-1.961484,1,-1.968651,0.070117
2,31,-1.968651,0,-1.938393,0.068536
2,32,-1.938393,0,-1.907216,0.074498
2,33,-1.907216,1,-1.914856,0.069547
2,34,-1.914856,1,-1.921732,0.065432
2,35,-1.921732,1,-1.928068,0.062084
2,36,-1.928068,1,-1.933960,0.059316
2,37,-1.933960,1,-1.939394,0.056920
2,38,-1.939394,1,-1.944519,0.054888
2,39,-1.944519,1,-1.949300,0.053085
2,40,-1.949300,0,-1.928678,0.055120
3,1,-1.000000,1,-1.356632,1.241629
3,2,-1.356632,1,-1.677173,1.147428
3,3,-1.677173,1,-1.955802,1.037306
3,4,-1.955802,1,-2.194634,0.924403
3,5,-2.194634,1,-2.397219,0.814421
3,6,-2.397219,0,-1.694514,0.824371
3,7,-1.694514,1,-1.861512,0.682553
3,8,-1.861512,1,-1.982835,0.559974
3,9,-1.982835,0,-1.468560,0.764442
3,10,-1.468560,1,-1.619742,0.618754
3,11,-1.619742,1,-1.723067,0.493784
3,12,-1.723067,1,-1.794174,0.395002
3,13,-1.794174,0,-1.490523,0.606293
3,14,-1.490523,1,-1.590635,0.476156
3,15,-1.590635,1,-1.656108,0.373728
3,16,-1.656108,1,-1.700580,0.297137
3,17,-1.700580,1,-1.732502,0.239423
3,18,-1.732502,1,-1.756740,0.196237
3,19,-1.756740,1,-1.776288,0.164728
3,20,-1.776288,1,-1.792782,0.141602
3,21,-1.792782,1,-1.807072,0.124531
3,22,-1.807072,1,-1.820066,0.112823
3,23,-1.820066,1,-1.832026,0.104763
3,24,-1.832026,1,-1.843261,0.099504
3,25,-1.843261,1,-1.854000,0.096358
3,26,-1.854000,1,-1.864422,0.094799
3,27,-1.864422,1,-1.874673,0.094446
3,28,-1.874673,1,-1.884874,0.095032
3,29,-1.884874,1,-1.895133,0.096373
3,30,-1.895133,1,-1.905906,0.098739
3,31,-1.905906,1,-1.917001,0.101665
3,32,-1.917001,1,-1.928503,0.105073
3,33,-1.928503,1,-1.940486,0.108893
3,34,-1.940486,1,-1.953012,0.113052
3,35,-1.953012,1,-1.966124,0.117474
3,36,-1.966124,1,-1.980361,0.122602
3,37,-1.980361,1,-1.995316,0.127850
3,38,-1.995316,1,-2.011532,0.133703
3,39,-2.011532,1,-2.028511,0.139520
3,40,-2.028511,1,-2.046815,0.145836
4,1,-1.000000,1,-1.356632,1.241629
4,2,-1.356632,1,-1.677173,1.147428
4,3,-1.677173,1,-1.955802,1.037306
4,4,-1.955802,1,-2.194634,0.924403
4,5,-2.194634,0,-1.371991,0.887522
4,6,-1.371991,1,-1.566999,0.745941
4,7,-1.566999,1,-1.709634,0.617506
4,8,-1.709634,1,-1.814317,0.511488
4,9,-1.814317,1,-1.893180,0.428550
4,10,-1.893180,1,-1.955140,0.366922
4,11,-1.955140,1,-2.006415,0.324192
4,12,-2.006415,1,-2.050492,0.296009
4,13,-2.050492,1,-2.089824,0.279655
4,14,-2.089824,1,-2.126690,0.273808
4,15,-2.126690,1,-2.163147,0.277209
4,16,-2.163147,1,-2.200315,0.287251
4,17,-2.200315,1,-2.240986,0.304496
4,18,-2.240986,1,-2.287745,0.327837
4,19,-2.287745,0,-2.130674,0.138212
4,20,-2.130674,0,-2.052406,0.158718
4,21,-2.052406,0,-1.961611,0.218145
4,22,-1.961611,1,-1.986291,0.179982
4,23,-1.986291,1,-2.006039,0.151046
4,24,-2.006039,1,-2.022274,0.128834
4,25,-2.022274,1,-2.035866,0.111534
4,26,-2.035866,1,-2.047631,0.098609
4,27,-2.047631,1,-2.057954,0.088683
4,28,-2.057954,1,-2.067170,0.081085
4,29,-2.067170,0,-2.029820,0.094556
4,30,-2.029820,1,-2.039146,0.084432
4,31,-2.039146,0,-2.001295,0.105180
4,32,-2.001295,1,-2.011243,0.091716
4,33,-2.011243,0,-1.970797,0.121322
4,34,-1.970797,1,-1.981926,0.103411
4,35,-1.981926,1,-1.991314,0.089800
4,36,-1.991314,1,-1.999432,0.079538
4,37,-1.999432,1,-2.006609,0.071818
4,38,-2.006609,1,-2.013073,0.065989
4,39,-2.013073,1,-2.018904,0.061415
4,40,-2.018904,1,-2.024296,0.057897
5,1,-1.000000,1,-1.356632,1.241629
5,2,-1.356632,1,-1.677173,1.147428
5,3,-1.677173,1,-1.955802,1.037306
5,4,-1.955802,1,-2.194634,0.924403
5,5,-2.194634,1,-2.397219,0.814421
5,6,-2.397219,0,-1.694514,0.824371
5,7,-1.694514,1,-1.861512,0.682553
5,8,-1.861512,1,-1.982835,0.559974
5,9,-1.982835,1,-2.072013,0.461301
5,10,-2.072013,1,-2.139810,0.385528
5,11,-2.139810,1,-2.193613,0.329445
5,12,-2.193613,0,-1.985259,0.417042
5,13,-1.985259,1,-2.040188,0.333173
5,14,-2.040188,1,-2.079812,0.268858
5,15,-2.079812,1,-2.109718,0.220459
5,16,-2.109718,1,-2.133342,0.184273
5,17,-2.133342,0,-2.038438,0.261389
5,18,-2.038438,1,-2.065140,0.210565
5,19,-2.065140,1,-2.085440,0.172462
5,20,-2.085440,1,-2.101578,0.143625
5,21,-2.101578,0,-2.037453,0.209731
5,22,-2.037453,0,-1.940388,0.330903
5,23,-1.940388,1,-1.975623,0.260251
5,24,-1.975623,1,-2.000181,0.207752
5,25,-2.000181,1,-2.018231,0.167680
5,26,-2.018231,1,-2.032133,0.137592
5,27,-2.032133,0,-1.977419,0.209001
5,28,-1.977419,1,-1.995010,0.168251
5,29,-1.995010,0,-1.930897,0.260993
5,30,-1.930897,1,-1.954416,0.206584
5,31,-1.954416,1,-1.971295,0.165357
5,32,-1.971295,1,-1.984038,0.134588
5,33,-1.984038,0,-1.933631,0.209160
5,34,-1.933631,1,-1.950427,0.167011
5,35,-1.950427,1,-1.962993,0.135558
5,36,-1.962993,1,-1.972864,0.111696
5,37,-1.972864,1,-1.980945,0.093838
5,38,-1.980945,1,-1.987815,0.080630
5,39,-1.987815,1,-1.993844,0.070945
5,40,-1.993844,0,-1.968324,0.094376
6,1,-1.000000,1,-1.356632,1.241629
6,2,-1.356632,1,-1.677173,1.147428
6,3,-1.677173,1,-1.955802,1.037306
6,4,-1.955802,1,-2.194634,0.924403
6,5,-2.194634,0,-1.371991,0.887522
6,6,-1.371991,1,-1.566999,0.745941
6,7,-1.566999,1,-1.709634,0.617506
6,8,-1.709634,1,-1.814317,0.511488
6,9,-1.814317,1,-1.893180,0.428550
6,10,-1.893180,1,-1.955140,0.366922
6,11,-1.955140,1,-2.006415,0.324192
6,12,-2.006415,1,-2.050492,0.296009
6,13,-2.050492,1,-2.089824,0.279655
6,14,-2.089824,0,-1.946858,0.255040
6,15,-1.946858,1,-1.977570,0.211846
6,16,-1.977570,1,-2.002156,0.179025
6,17,-2.002156,1,-2.022338,0.154164
6,18,-2.022338,1,-2.039412,0.135991
6,19,-2.039412,1,-2.054310,0.123296
6,20,-2.054310,1,-2.067466,0.114550
6,21,-2.067466,1,-2.079553,0.109492
6,22,-2.079553,0,-2.030052,0.106642
6,23,-2.030052,1,-2.041072,0.094847
6,24,-2.041072,1,-2.050799,0.085926
6,25,-2.050799,1,-2.059540,0.079217
6,26,-2.059540,1,-2.067518,0.074185
6,27,-2.067518,0,-2.034621,0.081277
6,28,-2.034621,0,-1.997070,0.100906
6,29,-1.997070,1,-2.006555,0.088533
6,30,-2.006555,1,-2.014845,0.079149
6,31,-2.014845,1,-2.022139,0.071840
6,32,-2.022139,0,-1.991314,0.087036
6,33,-1.991314,0,-1.954677,0.115787
6,34,-1.954677,1,-1.964819,0.098513
6,35,-1.964819,0,-1.923016,0.138899
6,36,-1.923016,0,-1.863078,0.210617
6,37,-1.863078,1,-1.882648,0.169872
6,38,-1.882648,1,-1.897524,0.139000
6,39,-1.897524,1,-1.909320,0.115916
6,40,-1.909320,1,-1.919002,0.098334
7,1,-1.000000,1,-1.356632,1.241629
7,2,-1.356632,1,-1.677173,1.147428
7,3,-1.677173,1,-1.955802,1.037306
7,4,-1.955802,1,-2.194634,0.924403
7,5,-2.194634,1,-2.397219,0.814421
7,6,-2.397219,0,-1.694514,0.824371
7,7,-1.694514,1,-1.861512,0.682553
7,8,-1.861512,1,-1.982835,0.559974
7,9,-1.982835,1,-2.072013,0.461301
7,10,-2.072013,0,-1.709744,0.632352
7,11,-1.709744,1,-1.815762,0.501710
7,12,-1.815762,1,-1.887578,0.398597
7,13,-1.887578,1,-1.937986,0.320099
7,14,-1.937986,1,-1.975273,0.261284
7,15,-1.975273,0,-1.832525,0.381436
7,16,-1.832525,1,-1.877148,0.300047
7,17,-1.877148,1,-1.908386,0.239826
7,18,-1.908386,1,-1.931562,0.194543
7,19,-1.931562,0,-1.840206,0.298778
7,20,-1.840206,1,-1.869740,0.236299
7,21,-1.869740,1,-1.890921,0.189616
7,22,-1.890921,1,-1.906985,0.154460
7,23,-1.906985,1,-1.919825,0.128372
7,24,-1.919825,1,-1.930503,0.108689
7,25,-1.930503,1,-1.939692,0.094066
7,26,-1.939692,1,-1.947837,0.083338
7,27,-1.947837,1,-1.955230,0.075532
7,28,-1.955230,1,-1.962069,0.069865
7,29,-1.962069,1,-1.968379,0.065583
7,30,-1.968379,1,-1.974357,0.062453
7,31,-1.974357,1,-1.979962,0.060027
7,32,-1.979962,1,-1.985360,0.058208
7,33,-1.985360,1,-1.990590,0.056833
7,34,-1.990590,1,-1.995587,0.055708
7,35,-1.995587,0,-1.974309,0.054345
7,36,-1.974309,1,-1.978887,0.052662
7,37,-1.978887,1,-1.983314,0.051294
7,38,-1.983314,1,-1.987529,0.050103
7,39,-1.987529,1,-1.991635,0.049097
7,40,-1.991635,0,-1.973487,0.049163
8,1,-1.000000,1,-1.356632,1.241629
8,2,-1.356632,1,-1.677173,1.147428
8,3,-1.677173,1,-1.955802,1.037306
8,4,-1.955802,1,-2.194634,0.924403
8,5,-2.194634,0,-1.371991,0.887522
8,6,-1.371991,1,-1.566999,0.745941
8,7,-1.566999,1,-1.709634,0.617506
8,8,-1.709634,1,-1.814317,0.511488
8,9,-1.814317,1,-1.893180,0.428550
8,10,-1.893180,1,-1.955140,0.366922
8,11,-1.955140,1,-2.006415,0.324192
8,12,-2.006415,1,-2.050492,0.296009
8,13,-2.050492,1,-2.089824,0.279655
8,14,-2.089824,1,-2.126690,0.273808
8,15,-2.126690,1,-2.163147,0.277209
8,16,-2.163147,0,-2.032789,0.187420
8,17,-2.032789,1,-2.055195,0.161214
8,18,-2.055195,1,-2.074241,0.142176
8,19,-2.074241,1,-2.090514,0.127864
8,20,-2.090514,1,-2.104901,0.118052
8,21,-2.104901,0,-2.044736,0.129006
8,22,-2.044736,0,-1.976644,0.176447
8,23,-1.976644,1,-1.995225,0.147327
8,24,-1.995225,1,-2.010365,0.125066
8,25,-2.010365,1,-2.022973,0.107785
8,26,-2.022973,1,-2.033706,0.094548
8,27,-2.033706,1,-2.043047,0.084494
8,28,-2.043047,1,-2.051339,0.076874
8,29,-2.051339,1,-2.058830,0.071080
8,30,-2.058830,1,-2.065699,0.066633
8,31,-2.065699,1,-2.072076,0.063174
8,32,-2.072076,1,-2.077960,0.060341
8,33,-2.077960,0,-2.053116,0.063910
8,34,-2.053116,1,-2.058930,0.060310
8,35,-2.058930,1,-2.064361,0.057471
8,36,-2.064361,1,-2.069393,0.055110
8,37,-2.069393,1,-2.074167,0.053178
8,38,-2.074167,1,-2.078644,0.051509
8,39,-2.078644,1,-2.082941,0.050095
8,40,-2.082941,1,-2.087009,0.048834
9,1,-1.000000,1,-1.356632,1.241629
9,2,-1.356632,1,-1.677173,1.147428
9,3,-1.677173,1,-1.955802,1.037306
9,4,-1.955802,1,-2.194634,0.924403
9,5,-2.194634,0,-1.371991,0.887522
9,6,-1.371991,1,-1.566999,0.745941
9,7,-1.566999,1,-1.709634,0.617506
9,8,-1.709634,1,-1.814317,0.511488
9,9,-1.814317,1,-1.893180,0.428550
9,10,-1.893180,0,-1.581187,0.560212
9,11,-1.581187,1,-1.668979,0.443902
9,12,-1.668979,1,-1.729155,0.354004
9,13,-1.729155,1,-1.772247,0.286213
9,14,-1.772247,1,-1.804700,0.235289
9,15,-1.804700,1,-1.830368,0.197460
9,16,-1.830368,1,-1.851784,0.170384
9,17,-1.851784,1,-1.870279,0.151186
9,18,-1.870279,1,-1.886856,0.138362
9,19,-1.886856,1,-1.902217,0.130614
9,20,-1.902217,1,-1.916538,0.126325
9,21,-1.916538,1,-1.930490,0.125336
9,22,-1.930490,1,-1.944047,0.126478
9,23,-1.944047,1,-1.957407,0.129340
9,24,-1.957407,1,-1.971201,0.134301
9,25,-1.971201,1,-1.985265,0.140529
9,26,-1.985265,1,-2.000290,0.148659
9,27,-2.000290,1,-2.016048,0.157835
9,28,-2.016048,1,-2.033329,0.168823
9,29,-2.033329,0,-1.961529,0.077420
9,30,-1.961529,1,-1.969602,0.076539
9,31,-1.969602,1,-1.977477,0.076179
9,32,-1.977477,1,-1.985217,0.076311
9,33,-1.985217,0,-1.952477,0.064009
9,34,-1.952477,1,-1.958733,0.062210
9,35,-1.958733,1,-1.964748,0.060708
9,36,-1.964748,1,-1.970439,0.059368
9,37,-1.970439,1,-1.975960,0.058252
9,38,-1.975960,1,-1.981339,0.057337
9,39,-1.981339,1,-1.986494,0.056523
9,40,-1.986494,0,-1.964313,0.053882
10,1,-1.000000,1,-1.356632,1.241629
10,2,-1.356632,1,-1.677173,1.147428
10,3,-1.677173,1,-1.955802,1.037306
10,4,-1.955802,0,-1.022668,0.920733
10,5,-1.022668,1,-1.243175,0.792314
10,6,-1.243175,1,-1.407345,0.664640
10,7,-1.407345,1,-1.528574,0.555600
10,8,-1.528574,1,-1.619979,0.469044
10,9,-1.619979,1,-1.691387,0.403947
10,10,-1.691387,1,-1.749478,0.357738
10,11,-1.749478,1,-1.799050,0.328187
10,12,-1.799050,1,-1.843382,0.312592
10,13,-1.843382,1,-1.884687,0.308135
10,14,-1.884687,1,-1.925276,0.313581
10,15,-1.925276,1,-1.968533,0.329618
10,16,-1.968533,0,-1.823334,0.176473
10,17,-1.823334,0,-1.718298,0.229058
10,18,-1.718298,1,-1.745519,0.189563
10,19,-1.745519,1,-1.767243,0.159362
10,20,-1.767243,1,-1.785039,0.136075
10,21,-1.785039,1,-1.800048,0.118419
10,22,-1.800048,1,-1.812916,0.104804
10,23,-1.812916,1,-1.824166,0.094455
10,24,-1.824166,1,-1.834188,0.086671
10,25,-1.834188,1,-1.843271,0.080859
10,26,-1.843271,1,-1.851628,0.076550
10,27,-1.851628,1,-1.859421,0.073391
10,28,-1.859421,1,-1.866769,0.071131
10,29,-1.866769,1,-1.873767,0.069600
10,30,-1.873767,1,-1.880350,0.068520
10,31,-1.880350,1,-1.886712,0.068000
10,32,-1.886712,1,-1.892906,0.068010
10,33,-1.892906,1,-1.898843,0.068345
10,34,-1.898843,1,-1.904696,0.069209
10,35,-1.904696,1,-1.910357,0.070390
10,36,-1.910357,1,-1.916007,0.072152
10,37,-1.916007,1,-1.921687,0.074566
10,38,-1.921687,1,-1.927285,0.077364
10,39,-1.927285,1,-1.932989,0.080926
10,40,-1.932989,1,-1.938673,0.084916
11,1,-1.000000,1,-1.356632,1.241629
11,2,-1.356632,1,-1.677173,1.147428
11,3,-1.677173,1,-1.955802,1.037306
11,4,-1.955802,1,-2.194634,0.924403
11,5,-2.194634,0,-1.371991,0.887522
11,6,-1.371991,1,-1.566999,0.745941
11,7,-1.566999,1,-1.709634,0.617506
11,8,-1.709634,1,-1.814317,0.511488
11,9,-1.814317,1,-1.893180,0.428550
11,10,-1.893180,1,-1.955140,0.366922
11,11,-1.955140,1,-2.006415,0.324192
11,12,-2.006415,1,-2.050492,0.296009
11,13,-2.050492,0,-1.888653,0.306272
11,14,-1.888653,1,-1.926293,0.250158
11,15,-1.926293,1,-1.955461,0.207751
11,16,-1.955461,1,-1.978892,0.175901
11,17,-1.978892,1,-1.998270,0.152046
11,18,-1.998270,1,-2.014827,0.134856
11,19,-2.014827,1,-2.029199,0.122564
11,20,-2.029199,1,-2.042195,0.114791
11,21,-2.042195,1,-2.054048,0.110179
11,22,-2.054048,1,-2.065062,0.108123
11,23,-2.065062,0,-2.020066,0.093237
11,24,-2.020066,1,-2.029593,0.084817
11,25,-2.029593,1,-2.038212,0.078508
11,26,-2.038212,1,-2.046125,0.073792
11,27,-2.046125,0,-2.013754,0.079921
11,28,-2.013754,1,-2.021436,0.073214
11,29,-2.021436,0,-1.988962,0.086119
11,30,-1.988962,1,-1.996953,0.077265
11,31,-1.996953,0,-1.964884,0.095570
11,32,-1.964884,1,-1.973364,0.083663
11,33,-1.973364,1,-1.980792,0.074761
11,34,-1.980792,1,-1.987435,0.068099
11,35,-1.987435,1,-1.993480,0.063075
11,36,-1.993480,0,-1.967534,0.073769
11,37,-1.967534,1,-1.973914,0.066991
11,38,-1.973914,1,-1.979633,0.061748
11,39,-1.979633,1,-1.984895,0.057782
11,40,-1.984895,1,-1.989718,0.054638
12,1,-1.000000,1,-1.356632,1.241629
12,2,-1.356632,1,-1.677173,1.147428
12,3,-1.677173,1,-1.955802,1.037306
12,4,-1.955802,1,-2.194634,0.924403
12,5,-2.194634,1,-2.397219,0.814421
12,6,-2.397219,1,-2.569425,0.713176
12,7,-2.569425,1,-2.715078,0.620612
12,8,-2.715078,0,-2.195372,0.674091
12,9,-2.195372,0,-1.497166,0.857376
12,10,-1.497166,1,-1.679881,0.713090
12,11,-1.679881,1,-1.812169,0.583717
12,12,-1.812169,1,-1.908425,0.477092
12,13,-1.908425,1,-1.980675,0.393583
12,14,-1.980675,1,-2.036717,0.329150
12,15,-2.036717,1,-2.082094,0.281107
12,16,-2.082094,1,-2.119930,0.245259
12,17,-2.119930,1,-2.152903,0.220082
12,18,-2.152903,0,-2.025840,0.244092
12,19,-2.025840,1,-2.054304,0.201891
12,20,-2.054304,0,-1.939142,0.295092
12,21,-1.939142,1,-1.972698,0.237369
12,22,-1.972698,1,-1.997797,0.193060
12,23,-1.997797,1,-2.017385,0.159799
12,24,-2.017385,1,-2.033245,0.134569
12,25,-2.033245,0,-1.969114,0.191596
12,26,-1.969114,1,-1.987325,0.157094
12,27,-1.987325,1,-2.001811,0.131028
12,28,-2.001811,1,-2.013696,0.111050
12,29,-2.013696,1,-2.023737,0.095969
12,30,-2.023737,1,-2.032452,0.084710
12,31,-2.032452,1,-2.040201,0.076354
12,32,-2.040201,1,-2.047229,0.070151
12,33,-2.047229,1,-2.053707,0.065516
12,34,-2.053707,1,-2.059656,0.061888
12,35,-2.059656,1,-2.065262,0.059112
12,36,-2.065262,1,-2.070592,0.056946
12,37,-2.070592,1,-2.075609,0.055147
12,38,-2.075609,1,-2.080439,0.053694
12,39,-2.080439,1,-2.085031,0.052441
12,40,-2.085031,1,-2.089494,0.051407
13,1,-1.000000,1,-1.356632,1.241629
13,2,-1.356632,1,-1.677173,1.147428
13,3,-1.677173,1,-1.955802,1.037306
13,4,-1.955802,1,-2.194634,0.924403
13,5,-2.194634,1,-2.397219,0.814421
13,6,-2.397219,1,-2.569425,0.713176
13,7,-2.569425,0,-1.960852,0.751976
13,8,-1.960852,0,-1.129895,0.906136
13,9,-1.129895,1,-1.341794,0.770268
13,10,-1.341794,1,-1.497690,0.638786
13,11,-1.497690,1,-1.611857,0.526976
13,12,-1.611857,1,-1.697077,0.436786
13,13,-1.697077,1,-1.763180,0.367563
13,14,-1.763180,1,-1.816042,0.314769
13,15,-1.816042,1,-1.860569,0.277176
13,16,-1.860569,1,-1.899248,0.250641
13,17,-1.899248,1,-1.934454,0.233764
13,18,-1.934454,1,-1.967442,0.223986
13,19,-1.967442,1,-2.000416,0.221020
13,20,-2.000416,1,-2.034129,0.222368
13,21,-2.034129,1,-2.069686,0.226633
13,22,-2.069686,0,-1.936195,0.134804
13,23,-1.936195,1,-1.952795,0.121968
13,24,-1.952795,1,-1.967409,0.112245
13,25,-1.967409,1,-1.980715,0.105499
13,26,-1.980715,1,-1.992873,0.100815
13,27,-1.992873,1,-2.004154,0.097847
13,28,-2.004154,1,-2.014785,0.096317
13,29,-2.014785,1,-2.024964,0.096022
13,30,-2.024964,0,-1.980196,0.077985
13,31,-1.980196,0,-1.942359,0.086085
13,32,-1.942359,0,-1.899727,0.104306
13,33,-1.899727,1,-1.910626,0.092282
13,34,-1.910626,1,-1.920106,0.082971
13,35,-1.920106,1,-1.928494,0.075756
13,36,-1.928494,1,-1.936031,0.070131
13,37,-1.936031,1,-1.942893,0.065697
13,38,-1.942893,1,-1.949124,0.062046
13,39,-1.949124,0,-1.922917,0.068049
13,40,-1.922917,1,-1.929309,0.063564
14,1,-1.000000,1,-1.356632,1.241629
14,2,-1.356632,1,-1.677173,1.147428
14,3,-1.677173,1,-1.955802,1.037306
14,4,-1.955802,1,-2.194634,0.924403
14,5,-2.194634,1,-2.397219,0.814421
14,6,-2.397219,0,-1.694514,0.824371
14,7,-1.694514,1,-1.861512,0.682553
14,8,-1.861512,1,-1.982835,0.559974
14,9,-1.982835,1,-2.072013,0.461301
14,10,-2.072013,1,-2.139810,0.385528
14,11,-2.139810,0,-1.875680,0.511373
14,12,-1.875680,1,-1.950145,0.405365
14,13,-1.950145,1,-2.001830,0.323578
14,14,-2.001830,1,-2.039316,0.261787
14,15,-2.039316,1,-2.067994,0.215862
14,16,-2.067994,0,-1.956891,0.311047
14,17,-1.956891,1,-1.990125,0.247893
14,18,-1.990125,1,-2.014404,0.200036
14,19,-2.014404,1,-2.032983,0.163669
14,20,-2.032983,0,-1.958801,0.246356
14,21,-1.958801,1,-1.981605,0.197302
14,22,-1.981605,1,-1.998676,0.160102
14,23,-1.998676,1,-2.012101,0.132331
14,24,-2.012101,1,-2.023086,0.111284
14,25,-2.023086,0,-1.978289,0.159974
14,26,-1.978289,1,-1.991021,0.131369
14,27,-1.991021,1,-2.001305,0.109673
14,28,-2.001305,1,-2.009926,0.093453
14,29,-2.009926,1,-2.017396,0.081470
14,30,-2.017396,1,-2.024051,0.072688
14,31,-2.024051,0,-1.995631,0.093115
14,32,-1.995631,1,-2.002766,0.080747
14,33,-2.002766,0,-1.973188,0.110489
14,34,-1.973188,1,-1.981196,0.092943
14,35,-1.981196,1,-1.988019,0.079976
14,36,-1.988019,1,-1.994017,0.070476
14,37,-1.994017,1,-1.999354,0.063344
14,38,-1.999354,1,-2.004248,0.058172
14,39,-2.004248,1,-2.008737,0.054271
14,40,-2.008737,0,-1.989671,0.062274
15,1,-1.000000,1,-1.356632,1.241629
15,2,-1.356632,1,-1.677173,1.147428
15,3,-1.677173,1,-1.955802,1.037306
15,4,-1.955802,1,-2.194634,0.924403
15,5,-2.194634,1,-2.397219,0.814421
15,6,-2.397219,0,-1.694514,0.824371
15,7,-1.694514,1,-1.861512,0.682553
15,8,-1.861512,1,-1.982835,0.559974
15,9,-1.982835,1,-2.072013,0.461301
15,10,-2.072013,1,-2.139810,0.385528
15,11,-2.139810,1,-2.193613,0.329445
15,12,-2.193613,0,-1.985259,0.417042
15,13,-1.985259,1,-2.040188,0.333173
15,14,-2.040188,1,-2.079812,0.268858
15,15,-2.079812,1,-2.109718,0.220459
15,16,-2.109718,1,-2.133342,0.184273
15,17,-2.133342,1,-2.152707,0.157260
15,18,-2.152707,0,-2.074320,0.211187
15,19,-2.074320,0,-1.965484,0.331672
15,20,-1.965484,0,-1.746545,0.549962
15,21,-1.746545,1,-1.829344,0.429364
15,22,-1.829344,1,-1.883487,0.335828
15,23,-1.883487,1,-1.920076,0.264937
15,24,-1.920076,1,-1.946096,0.212147
15,25,-1.946096,1,-1.965657,0.172779
15,26,-1.965657,1,-1.981102,0.143076
15,27,-1.981102,1,-1.993738,0.120353
15,28,-1.993738,1,-2.004413,0.103261
15,29,-2.004413,0,-1.959667,0.141732
15,30,-1.959667,1,-1.971385,0.118243
15,31,-1.971385,1,-1.981165,0.100547
15,32,-1.981165,1,-1.989591,0.087380
15,33,-1.989591,1,-1.997049,0.077667
15,34,-1.997049,1,-2.003798,0.070523
15,35,-2.003798,1,-2.009915,0.065089
15,36,-2.009915,1,-2.015613,0.061067
15,37,-2.015613,1,-2.020981,0.058036
15,38,-2.020981,0,-1.997936,0.063119
15,39,-1.997936,1,-2.003257,0.058976
15,40,-2.003257,1,-2.008174,0.055757
16,1,-1.000000,1,-1.356632,1.241629
16,2,-1.356632,1,-1.677173,1.147428
16,3,-1.677173,1,-1.955802,1.037306
16,4,-1.955802,1,-2.194634,0.924403
16,5,-2.194634,0,-1.371991,0.887522
16,6,-1.371991,1,-1.566999,0.745941
16,7,-1.566999,1,-1.709634,0.617506
16,8,-1.709634,1,-1.814317,0.511488
16,9,-1.814317,1,-1.893180,0.428550
16,10,-1.893180,1,-1.955140,0.366922
16,11,-1.955140,1,-2.006415,0.324192
16,12,-2.006415,1,-2.050492,0.296009
16,13,-2.050492,1,-2.089824,0.279655
16,14,-2.089824,0,-1.946858,0.255040
16,15,-1.946858,1,-1.977570,0.211846
16,16,-1.977570,1,-2.002156,0.179025
16,17,-2.002156,1,-2.022338,0.154164
16,18,-2.022338,1,-2.039412,0.135991
16,19,-2.039412,1,-2.054310,0.123296
16,20,-2.054310,1,-2.067466,0.114550
16,21,-2.067466,1,-2.079553,0.109492
16,22,-2.079553,1,-2.090724,0.107004
16,23,-2.090724,1,-2.101227,0.106646
16,24,-2.101227,1,-2.111269,0.108098
16,25,-2.111269,1,-2.121029,0.111153
16,26,-2.121029,0,-2.079343,0.075894
16,27,-2.079343,0,-2.044519,0.083205
16,28,-2.044519,1,-2.052705,0.075917
16,29,-2.052705,1,-2.060116,0.070352
16,30,-2.060116,1,-2.066918,0.066056
16,31,-2.066918,1,-2.073237,0.062686
16,32,-2.073237,0,-2.045891,0.067994
16,33,-2.045891,1,-2.052252,0.063642
16,34,-2.052252,1,-2.058061,0.060131
16,35,-2.058061,0,-2.033724,0.066016
16,36,-2.033724,1,-2.039635,0.061570
16,37,-2.039635,1,-2.045099,0.058122
16,38,-2.045099,1,-2.050203,0.055395
16,39,-2.050203,1,-2.054942,0.053120
16,40,-2.054942,0,-2.033872,0.056952
17,1,-1.000000,1,-1.356632,1.241629
17,2,-1.356632,1,-1.677173,1.147428
17,3,-1.677173,1,-1.955802,1.037306
17,4,-1.955802,1,-2.194634,0.924403
17,5,-2.194634,1,-2.397219,0.814421
17,6,-2.397219,0,-1.694514,0.824371
17,7,-1.694514,1,-1.861512,0.682553
17,8,-1.861512,1,-1.982835,0.559974
17,9,-1.982835,1,-2.072013,0.461301
17,10,-2.072013,1,-2.139810,0.385528
17,11,-2.139810,1,-2.193613,0.329445
17,12,-2.193613,0,-1.985259,0.417042
17,13,-1.985259,1,-2.040188,0.333173
17,14,-2.040188,1,-2.079812,0.268858
17,15,-2.079812,0,-1.922409,0.409209
17,16,-1.922409,1,-1.973330,0.321653
17,17,-1.973330,1,-2.008537,0.255489
17,18,-2.008537,1,-2.034169,0.206265
17,19,-2.034169,0,-1.931304,0.322544
17,20,-1.931304,1,-1.965272,0.254392
17,21,-1.965272,1,-1.989315,0.203952
17,22,-1.989315,1,-2.007287,0.165525
17,23,-2.007287,1,-2.021381,0.136733
17,24,-2.021381,1,-2.032881,0.114847
17,25,-2.032881,0,-1.986145,0.165342
17,26,-1.986145,1,-1.999481,0.135691
17,27,-1.999481,1,-2.010212,0.113114
17,28,-2.010212,1,-2.019172,0.096178
17,29,-2.019172,1,-2.026908,0.083630
17,30,-2.026908,1,-2.033779,0.074417
17,31,-2.033779,1,-2.039930,0.067476
17,32,-2.039930,1,-2.045606,0.062427
17,33,-2.045606,1,-2.050919,0.058716
17,34,-2.050919,0,-2.028186,0.065804
17,35,-2.028186,0,-2.004220,0.081243
17,36,-2.004220,1,-2.010333,0.071372
17,37,-2.010333,1,-2.015824,0.064197
17,38,-2.015824,1,-2.020857,0.058969
17,39,-2.020857,1,-2.025476,0.055006
17,40,-2.025476,0,-2.006449,0.062940
18,1,-1.000000,1,-1.356632,1.241629
18,2,-1.356632,1,-1.677173,1.147428
18,3,-1.677173,1,-1.955802,1.037306
18,4,-1.955802,1,-2.194634,0.924403
18,5,-2.194634,0,-1.371991,0.887522
18,6,-1.371991,1,-1.566999,0.745941
18,7,-1.566999,1,-1.709634,0.617506
18,8,-1.709634,1,-1.814317,0.511488
18,9,-1.814317,1,-1.893180,0.428550
18,10,-1.893180,1,-1.955140,0.366922
18,11,-1.955140,1,-2.006415,0.324192
18,12,-2.006415,1,-2.050492,0.296009
18,13,-2.050492,0,-1.888653,0.306272
18,14,-1.888653,1,-1.926293,0.250158
18,15,-1.926293,1,-1.955461,0.207751
18,16,-1.955461,1,-1.978892,0.175901
18,17,-1.978892,1,-1.998270,0.152046
18,18,-1.998270,0,-1.922289,0.196774
18,19,-1.922289,1,-1.942524,0.162382
18,20,-1.942524,1,-1.958766,0.136281
18,21,-1.958766,1,-1.972289,0.116780
18,22,-1.972289,1,-1.983802,0.101969
18,23,-1.983802,1,-1.993841,0.090878
18,24,-1.993841,1,-2.002785,0.082657
18,25,-2.002785,1,-2.010906,0.076602
18,26,-2.010906,0,-1.976515,0.086366
18,27,-1.976515,1,-1.984639,0.077867
18,28,-1.984639,1,-1.991873,0.071283
18,29,-1.991873,1,-1.998491,0.066336
18,30,-1.998491,0,-1.970844,0.075187
18,31,-1.970844,1,-1.977577,0.068623
18,32,-1.977577,1,-1.983726,0.063686
18,33,-1.983726,1,-1.989333,0.059809
18,34,-1.989333,1,-1.994575,0.056817
18,35,-1.994575,1,-1.999436,0.054379
18,36,-1.999436,1,-2.004056,0.052417
18,37,-2.004056,0,-1.983554,0.055255
18,38,-1.983554,1,-1.988156,0.052785
18,39,-1.988156,1,-1.992520,0.050805
18,40,-1.992520,1,-1.996616,0.049126
19,1,-1.000000,1,-1.356632,1.241629
19,2,-1.356632,1,-1.677173,1.147428
19,3,-1.677173,1,-1.955802,1.037306
19,4,-1.955802,1,-2.194634,0.924403
19,5,-2.194634,0,-1.371991,0.887522
19,6,-1.371991,1,-1.566999,0.745941
19,7,-1.566999,1,-1.709634,0.617506
19,8,-1.709634,1,-1.814317,0.511488
19,9,-1.814317,1,-1.893180,0.428550
19,10,-1.893180,1,-1.955140,0.366922
19,11,-1.955140,1,-2.006415,0.324192
19,12,-2.006415,1,-2.050492,0.296009
19,13,-2.050492,0,-1.888653,0.306272
19,14,-1.888653,1,-1.926293,0.250158
19,15,-1.926293,1,-1.955461,0.207751
19,16,-1.955461,1,-1.978892,0.175901
19,17,-1.978892,1,-1.998270,0.152046
19,18,-1.998270,1,-2.014827,0.134856
19,19,-2.014827,1,-2.029199,0.122564
19,20,-2.029199,1,-2.042195,0.114791
19,21,-2.042195,1,-2.054048,0.110179
19,22,-2.054048,1,-2.065062,0.108123
19,23,-2.065062,0,-2.020066,0.093237
19,24,-2.020066,1,-2.029593,0.084817
19,25,-2.029593,1,-2.038212,0.078508
19,26,-2.038212,0,-2.002674,0.088571
19,27,-2.002674,0,-1.962346,0.113541
19,28,-1.962346,1,-1.972800,0.097769
19,29,-1.972800,1,-1.981770,0.085867
19,30,-1.981770,1,-1.989648,0.076935
19,31,-1.989648,1,-1.996710,0.070227
19,32,-1.996710,1,-2.003144,0.065153
19,33,-2.003144,1,-2.009001,0.061146
19,34,-2.009001,1,-2.014463,0.058040
19,35,-2.014463,0,-1.990454,0.063557
19,36,-1.990454,0,-1.964949,0.074493
19,37,-1.964949,1,-1.971308,0.067358
19,38,-1.971308,1,-1.977066,0.062028
19,39,-1.977066,0,-1.953477,0.072961
19,40,-1.953477,1,-1.959561,0.065912
20,1,-1.000000,1,-1.356632,1.241629
20,2,-1.356632,1,-1.677173,1.147428
20,3,-1.677173,1,-1.955802,1.037306
20,4,-1.955802,1,-2.194634,0.924403
20,5,-2.194634,0,-1.371991,0.887522
20,6,-1.371991,1,-1.566999,0.745941
20,7,-1.566999,1,-1.709634,0.617506
20,8,-1.709634,1,-1.814317,0.511488
20,9,-1.814317,1,-1.893180,0.428550
20,10,-1.893180,1,-1.955140,0.366922
20,11,-1.955140,1,-2.006415,0.324192
20,12,-2.006415,0,-1.818774,0.368823
20,13,-1.818774,1,-1.866135,0.297256
20,14,-1.866135,1,-1.901490,0.243148
20,15,-1.901490,1,-1.928853,0.201817
20,16,-1.928853,1,-1.950972,0.171249
20,17,-1.950972,1,-1.969441,0.148714
20,18,-1.969441,1,-1.985418,0.132773
20,19,-1.985418,1,-1.999702,0.122148
20,20,-1.999702,1,-2.012623,0.115281
20,21,-2.012623,1,-2.024536,0.111450
20,22,-2.024536,0,-1.973501,0.103231
20,23,-1.973501,1,-1.983847,0.092169
20,24,-1.983847,0,-1.940037,0.114233
20,25,-1.940037,1,-1.950755,0.098909
20,26,-1.950755,1,-1.960051,0.087362
20,27,-1.960051,1,-1.968295,0.078706
20,28,-1.968295,0,-1.934624,0.096123
20,29,-1.934624,1,-1.943173,0.084328
20,30,-1.943173,1,-1.950713,0.075548
20,31,-1.950713,1,-1.957501,0.069003
20,32,-1.957501,1,-1.963714,0.064087
20,33,-1.963714,0,-1.936906,0.074187
20,34,-1.936906,1,-1.943354,0.067503
20,35,-1.943354,1,-1.949161,0.062348
20,36,-1.949161,1,-1.954528,0.058460
20,37,-1.954528,1,-1.959466,0.055382
20,38,-1.959466,1,-1.964121,0.052973
20,39,-1.964121,1,-1.968469,0.050978
20,40,-1.968469,1,-1.972623,0.049342
21,1,-1.000000,1,-1.356632,1.241629
21,2,-1.356632,1,-1.677173,1.147428
21,3,-1.677173,1,-1.955802,1.037306
21,4,-1.955802,1,-2.194634,0.924403
21,5,-2.194634,0,-1.371991,0.887522
21,6,-1.371991,1,-1.566999,0.745941
21,7,-1.566999,1,-1.709634,0.617506
21,8,-1.709634,1,-1.814317,0.511488
21,9,-1.814317,1,-1.893180,0.428550
21,10,-1.893180,1,-1.955140,0.366922
21,11,-1.955140,0,-1.724255,0.449958
21,12,-1.724255,1,-1.786387,0.358061
21,13,-1.786387,1,-1.830867,0.288999
21,14,-1.830867,1,-1.864088,0.236475
21,15,-1.864088,1,-1.890010,0.196960
21,16,-1.890010,1,-1.911267,0.168198
21,17,-1.911267,1,-1.929305,0.147353
21,18,-1.929305,1,-1.945181,0.132936
21,19,-1.945181,1,-1.959621,0.123655
21,20,-1.959621,1,-1.972875,0.117948
21,21,-1.972875,1,-1.985258,0.115099
21,22,-1.985258,1,-1.997326,0.115058
21,23,-1.997326,1,-2.009055,0.116892
21,24,-2.009055,1,-2.020622,0.120332
21,25,-2.020622,1,-2.032191,0.125205
21,26,-2.032191,0,-1.982482,0.076671
21,27,-1.982482,1,-1.990322,0.073408
21,28,-1.990322,0,-1.956706,0.074702
21,29,-1.956706,1,-1.964121,0.069918
21,30,-1.964121,1,-1.970906,0.066071
21,31,-1.970906,1,-1.977266,0.063040
21,32,-1.977266,1,-1.983274,0.060603
21,33,-1.983274,1,-1.988886,0.058524
21,34,-1.988886,1,-1.994249,0.056798
21,35,-1.994249,1,-1.999301,0.055279
21,36,-1.999301,0,-1.977319,0.055673
21,37,-1.977319,0,-1.955434,0.058102
21,38,-1.955434,1,-1.960604,0.055653
21,39,-1.960604,1,-1.965430,0.053577
21,40,-1.965430,0,-1.945344,0.056337
22,1,-1.000000,1,-1.356632,1.241629
22,2,-1.356632,1,-1.677173,1.147428
22,3,-1.677173,1,-1.955802,1.037306
22,4,-1.955802,1,-2.194634,0.924403
22,5,-2.194634,1,-2.397219,0.814421
22,6,-2.397219,1,-2.569425,0.713176
22,7,-2.569425,1,-2.715078,0.620612
22,8,-2.715078,1,-2.838337,0.538040
22,9,-2.838337,1,-2.941978,0.464392
22,10,-2.941978,1,-3.028709,0.399446
22,11,-3.028709,0,-2.699856,0.464315
22,12,-2.699856,0,-2.280595,0.631568
22,13,-2.280595,1,-2.391688,0.513966
22,14,-2.391688,0,-1.909271,0.729526
22,15,-1.909271,1,-2.045908,0.591860
22,16,-2.045908,0,-1.430887,0.835652
22,17,-1.430887,1,-1.608093,0.689050
22,18,-1.608093,1,-1.733847,0.557731
22,19,-1.733847,1,-1.822611,0.449308
22,20,-1.822611,1,-1.886883,0.364597
22,21,-1.886883,1,-1.935465,0.300569
22,22,-1.935465,1,-1.973827,0.252503
22,23,-1.973827,1,-2.005101,0.216016
22,24,-2.005101,1,-2.032148,0.190340
22,25,-2.032148,1,-2.055997,0.171776
22,26,-2.055997,1,-2.078218,0.159790
22,27,-2.078218,0,-1.991076,0.160577
22,28,-1.991076,1,-2.008228,0.136830
22,29,-2.008228,0,-1.940729,0.184854
22,30,-1.940729,0,-1.847798,0.279210
22,31,-1.847798,1,-1.877413,0.223724
22,32,-1.877413,1,-1.899401,0.181667
22,33,-1.899401,1,-1.916418,0.149568
22,34,-1.916418,1,-1.930131,0.125440
22,35,-1.930131,0,-1.876069,0.180360
22,36,-1.876069,1,-1.892155,0.147951
22,37,-1.892155,1,-1.904930,0.122972
22,38,-1.904930,1,-1.915415,0.104036
22,39,-1.915415,1,-1.924394,0.090248
22,40,-1.924394,1,-1.932167,0.079646
23,1,-1.000000,1,-1.356632,1.241629
23,2,-1.356632,1,-1.677173,1.147428
23,3,-1.677173,1,-1.955802,1.037306
23,4,-1.955802,1,-2.194634,0.924403
23,5,-2.194634,0,-1.371991,0.887522
23,6,-1.371991,1,-1.566999,0.745941
23,7,-1.566999,1,-1.709634,0.617506
23,8,-1.709634,1,-1.814317,0.511488
23,9,-1.814317,1,-1.893180,0.428550
23,10,-1.893180,1,-1.955140,0.366922
23,11,-1.955140,1,-2.006415,0.324192
23,12,-2.006415,1,-2.050492,0.296009
23,13,-2.050492,0,-1.888653,0.306272
23,14,-1.888653,1,-1.926293,0.250158
23,15,-1.926293,1,-1.955461,0.207751
23,16,-1.955461,1,-1.978892,0.175901
23,17,-1.978892,0,-1.887409,0.240273
23,18,-1.887409,1,-1.913114,0.195805
23,19,-1.913114,1,-1.933016,0.161488
23,20,-1.933016,1,-1.949005,0.135524
23,21,-1.949005,1,-1.962347,0.116188
23,22,-1.962347,1,-1.973734,0.101549
23,23,-1.973734,1,-1.983691,0.090626
23,24,-1.983691,1,-1.992591,0.082563
23,25,-1.992591,1,-2.000697,0.076654
23,26,-2.000697,1,-2.008198,0.072348
23,27,-2.008198,1,-2.015231,0.069239
23,28,-2.015231,1,-2.021898,0.067041
23,29,-2.021898,0,-1.993102,0.066929
23,30,-1.993102,1,-1.999290,0.063099
23,31,-1.999290,1,-2.005094,0.060143
23,32,-2.005094,1,-2.010586,0.057817
23,33,-2.010586,1,-2.015735,0.055873
23,34,-2.015735,1,-2.020670,0.054293
23,35,-2.020670,1,-2.025342,0.052927
23,36,-2.025342,1,-2.029862,0.051792
23,37,-2.029862,0,-2.010302,0.051788
23,38,-2.010302,1,-2.014612,0.050329
23,39,-2.014612,1,-2.018692,0.049038
23,40,-2.018692,1,-2.022642,0.047923
24,1,-1.000000,1,-1.356632,1.241629
24,2,-1.356632,1,-1.677173,1.147428
24,3,-1.677173,1,-1.955802,1.037306
24,4,-1.955802,1,-2.194634,0.924403
24,5,-2.194634,1,-2.397219,0.814421
24,6,-2.397219,0,-1.694514,0.824371
24,7,-1.694514,1,-1.861512,0.682553
24,8,-1.861512,1,-1.982835,0.559974
24,9,-1.982835,1,-2.072013,0.461301
24,10,-2.072013,1,-2.139810,0.385528
24,11,-2.139810,1,-2.193613,0.329445
24,12,-2.193613,0,-1.985259,0.417042
24,13,-1.985259,1,-2.040188,0.333173
24,14,-2.040188,1,-2.079812,0.268858
24,15,-2.079812,1,-2.109718,0.220459
24,16,-2.109718,1,-2.133342,0.184273
24,17,-2.133342,0,-2.038438,0.261389
24,18,-2.038438,1,-2.065140,0.210565
24,19,-2.065140,1,-2.085440,0.172462
24,20,-2.085440,0,-2.009023,0.256576
24,21,-2.009023,1,-2.033826,0.205334
24,22,-2.033826,1,-2.052251,0.166214
24,23,-2.052251,1,-2.066585,0.136868
24,24,-2.066585,1,-2.078272,0.115145
24,25,-2.078272,0,-2.032625,0.164175
24,26,-2.032625,1,-2.046099,0.134456
24,27,-2.046099,1,-2.056958,0.112487
24,28,-2.056958,1,-2.066041,0.095921
24,29,-2.066041,1,-2.073882,0.083577
24,30,-2.073882,1,-2.080747,0.074192
24,31,-2.080747,1,-2.086950,0.067339
24,32,-2.086950,1,-2.092660,0.062314
24,33,-2.092660,1,-2.097908,0.058470
24,34,-2.097908,0,-2.075772,0.065491
24,35,-2.075772,1,-2.081126,0.060399
24,36,-2.081126,1,-2.086041,0.056510
24,37,-2.086041,0,-2.065697,0.064012
24,38,-2.065697,0,-2.043334,0.079103
24,39,-2.043334,1,-2.049240,0.069581
24,40,-2.049240,0,-2.025056,0.091209
25,1,-1.000000,1,-1.356632,1.241629
25,2,-1.356632,1,-1.677173,1.147428
25,3,-1.677173,1,-1.955802,1.037306
25,4,-1.955802,0,-1.022668,0.920733
25,5,-1.022668,1,-1.243175,0.792314
25,6,-1.243175,1,-1.407345,0.664640
25,7,-1.407345,1,-1.528574,0.555600
25,8,-1.528574,1,-1.619979,0.469044
25,9,-1.619979,1,-1.691387,0.403947
25,10,-1.691387,1,-1.749478,0.357738
25,11,-1.749478,1,-1.799050,0.328187
25,12,-1.799050,1,-1.843382,0.312592
25,13,-1.843382,1,-1.884687,0.308135
25,14,-1.884687,1,-1.925276,0.313581
25,15,-1.925276,1,-1.968533,0.329618
25,16,-1.968533,1,-2.016533,0.353548
25,17,-2.016533,1,-2.073942,0.385903
25,18,-2.073942,1,-2.145233,0.423774
25,19,-2.145233,1,-2.239837,0.465382
25,20,-2.239837,0,-1.951943,0.152327
25,21,-1.951943,1,-1.971856,0.147083
25,22,-1.971856,0,-1.891119,0.128868
25,23,-1.891119,1,-1.907304,0.115367
25,24,-1.907304,1,-1.921575,0.104967
25,25,-1.921575,0,-1.863002,0.120672
25,26,-1.863002,1,-1.877049,0.106671
25,27,-1.877049,0,-1.821399,0.132071
25,28,-1.821399,1,-1.836084,0.114333
25,29,-1.836084,1,-1.848636,0.100842
25,30,-1.848636,1,-1.859502,0.090311
25,31,-1.859502,1,-1.869069,0.082115
25,32,-1.869069,1,-1.877624,0.075720
25,33,-1.877624,1,-1.885382,0.070690
25,34,-1.885382,1,-1.892502,0.066685
25,35,-1.892502,1,-1.899005,0.063343
25,36,-1.899005,1,-1.905081,0.060614
25,37,-1.905081,1,-1.910803,0.058349
25,38,-1.910803,1,-1.916141,0.056368
25,39,-1.916141,1,-1.921229,0.054683
25,40,-1.921229,1,-1.926019,0.053172
26,1,-1.000000,1,-1.356632,1.241629
26,2,-1.356632,1,-1.677173,1.147428
26,3,-1.677173,1,-1.955802,1.037306
26,4,-1.955802,1,-2.194634,0.924403
26,5,-2.194634,0,-1.371991,0.887522
26,6,-1.371991,1,-1.566999,0.745941
26,7,-1.566999,1,-1.709634,0.617506
26,8,-1.709634,1,-1.814317,0.511488
26,9,-1.814317,1,-1.893180,0.428550
26,10,-1.893180,1,-1.955140,0.366922
26,11,-1.955140,1,-2.006415,0.324192
26,12,-2.006415,1,-2.050492,0.296009
26,13,-2.050492,1,-2.089824,0.279655
26,14,-2.089824,1,-2.126690,0.273808
26,15,-2.126690,1,-2.163147,0.277209
26,16,-2.163147,1,-2.200315,0.287251
26,17,-2.200315,1,-2.240986,0.304496
26,18,-2.240986,1,-2.287745,0.327837
26,19,-2.287745,0,-2.130674,0.138212
26,20,-2.130674,0,-2.052406,0.158718
26,21,-2.052406,1,-2.071034,0.136228
26,22,-2.071034,0,-1.996189,0.180783
26,23,-1.996189,1,-2.016237,0.151697
26,24,-2.016237,0,-1.939401,0.212797
26,25,-1.939401,1,-1.962206,0.174733
26,26,-1.962206,1,-1.980161,0.145383
26,27,-1.980161,1,-1.994770,0.123115
26,28,-1.994770,1,-2.006926,0.105966
26,29,-2.006926,1,-2.017416,0.093271
26,30,-2.017416,1,-2.026611,0.083608
26,31,-2.026611,1,-2.034823,0.076266
26,32,-2.034823,0,-1.999697,0.091522
26,33,-1.999697,1,-2.008264,0.081400
26,34,-2.008264,1,-2.015866,0.073757
26,35,-2.015866,1,-2.022731,0.067963
26,36,-2.022731,0,-1.993628,0.080041
26,37,-1.993628,1,-2.000782,0.072070
26,38,-2.000782,1,-2.007213,0.066080
26,39,-2.007213,1,-2.013087,0.061534
26,40,-2.013087,1,-2.018444,0.057928
27,1,-1.000000,1,-1.356632,1.241629
27,2,-1.356632,1,-1.677173,1.147428
27,3,-1.677173,1,-1.955802,1.037306
27,4,-1.955802,0,-1.022668,0.920733
27,5,-1.022668,1,-1.243175,0.792314
27,6,-1.243175,1,-1.407345,0.664640
27,7,-1.407345,1,-1.528574,0.555600
27,8,-1.528574,1,-1.619979,0.469044
27,9,-1.619979,1,-1.691387,0.403947
27,10,-1.691387,1,-1.749478,0.357738
27,11,-1.749478,1,-1.799050,0.328187
27,12,-1.799050,1,-1.843382,0.312592
27,13,-1.843382,1,-1.884687,0.308135
27,14,-1.884687,1,-1.925276,0.313581
27,15,-1.925276,1,-1.968533,0.329618
27,16,-1.968533,0,-1.823334,0.176473
27,17,-1.823334,1,-1.845070,0.154837
27,18,-1.845070,1,-1.863869,0.139521
27,19,-1.863869,1,-1.880141,0.128332
27,20,-1.880141,1,-1.894704,0.121176
27,21,-1.894704,1,-1.907803,0.116905
27,22,-1.907803,1,-1.920034,0.115576
27,23,-1.920034,1,-1.931473,0.116329
27,24,-1.931473,1,-1.942346,0.118931
27,25,-1.942346,1,-1.952854,0.123233
27,26,-1.952854,1,-1.963184,0.129161
27,27,-1.963184,1,-1.973526,0.136706
27,28,-1.973526,0,-1.928927,0.072352
27,29,-1.928927,1,-1.936207,0.069941
27,30,-1.936207,1,-1.943062,0.068192
27,31,-1.943062,1,-1.949449,0.066875
27,32,-1.949449,1,-1.955546,0.066111
27,33,-1.955546,1,-1.961406,0.065890
27,34,-1.961406,0,-1.936016,0.058908
27,35,-1.936016,1,-1.941489,0.057023
27,36,-1.941489,1,-1.946616,0.055347
27,37,-1.946616,1,-1.951521,0.053913
27,38,-1.951521,1,-1.956152,0.052624
27,39,-1.956152,0,-1.936549,0.052914
27,40,-1.936549,1,-1.941109,0.051418
28,1,-1.000000,1,-1.356632,1.241629
28,2,-1.356632,1,-1.677173,1.147428
28,3,-1.677173,1,-1.955802,1.037306
28,4,-1.955802,1,-2.194634,0.924403
28,5,-2.194634,0,-1.371991,0.887522
28,6,-1.371991,1,-1.566999,0.745941
28,7,-1.566999,1,-1.709634,0.617506
28,8,-1.709634,1,-1.814317,0.511488
28,9,-1.814317,1,-1.893180,0.428550
28,10,-1.893180,1,-1.955140,0.366922
28,11,-1.955140,1,-2.006415,0.324192
28,12,-2.006415,1,-2.050492,0.296009
28,13,-2.050492,1,-2.089824,0.279655
28,14,-2.089824,0,-1.946858,0.255040
28,15,-1.946858,1,-1.977570,0.211846
28,16,-1.977570,1,-2.002156,0.179025
28,17,-2.002156,1,-2.022338,0.154164
28,18,-2.022338,0,-1.941095,0.202161
28,19,-1.941095,1,-1.962564,0.166964
28,20,-1.962564,1,-1.979740,0.140057
28,21,-1.979740,1,-1.993964,0.119822
28,22,-1.993964,1,-2.005994,0.104372
28,23,-2.005994,1,-2.016556,0.093080
28,24,-2.016556,1,-2.025952,0.084608
28,25,-2.025952,1,-2.034461,0.078299
28,26,-2.034461,1,-2.042156,0.073441
28,27,-2.042156,1,-2.049307,0.069877
28,28,-2.049307,0,-2.018974,0.073194
28,29,-2.018974,1,-2.025916,0.067978
28,30,-2.025916,1,-2.032328,0.063984
28,31,-2.032328,1,-2.038223,0.060772
28,32,-2.038223,1,-2.043774,0.058243
28,33,-2.043774,0,-2.019395,0.061699
28,34,-2.019395,1,-2.024901,0.058408
28,35,-2.024901,1,-2.029983,0.055731
28,36,-2.029983,1,-2.034790,0.053583
28,37,-2.034790,1,-2.039287,0.051760
28,38,-2.039287,1,-2.043594,0.050237
28,39,-2.043594,1,-2.047663,0.048895
28,40,-2.047663,1,-2.051596,0.047739
29,1,-1.000000,1,-1.356632,1.241629
29,2,-1.356632,1,-1.677173,1.147428
29,3,-1.677173,1,-1.955802,1.037306
29,4,-1.955802,1,-2.194634,0.924403
29,5,-2.194634,1,-2.397219,0.814421
29,6,-2.397219,0,-1.694514,0.824371
29,7,-1.694514,1,-1.861512,0.682553
29,8,-1.861512,1,-1.982835,0.559974
29,9,-1.982835,1,-2.072013,0.461301
29,10,-2.072013,1,-2.139810,0.385528
29,11,-2.139810,1,-2.193613,0.329445
29,12,-2.193613,0,-1.985259,0.417042
29,13,-1.985259,0,-1.646619,0.654637
29,14,-1.646619,1,-1.759970,0.518453
29,15,-1.759970,1,-1.835484,0.408369
29,16,-1.835484,1,-1.887215,0.324681
29,17,-1.887215,1,-1.924372,0.261368
29,18,-1.924372,1,-1.952310,0.212971
29,19,-1.952310,1,-1.974420,0.176884
29,20,-1.974420,1,-1.992618,0.149813
29,21,-1.992618,0,-1.918483,0.205474
29,22,-1.918483,1,-1.937779,0.168077
29,23,-1.937779,1,-1.953207,0.139917
29,24,-1.953207,0,-1.890898,0.205089
29,25,-1.890898,1,-1.908974,0.166190
29,26,-1.908974,1,-1.923125,0.137031
29,27,-1.923125,1,-1.934638,0.114846
29,28,-1.934638,1,-1.944332,0.098219
29,29,-1.944332,1,-1.952746,0.085907
29,30,-1.952746,1,-1.960242,0.076855
29,31,-1.960242,1,-1.967060,0.070209
29,32,-1.967060,0,-1.939006,0.083233
29,33,-1.939006,1,-1.945955,0.074184
29,34,-1.945955,0,-1.918041,0.093414
29,35,-1.918041,1,-1.925406,0.081215
29,36,-1.925406,1,-1.931940,0.072222
29,37,-1.931940,1,-1.937787,0.065408
29,38,-1.937787,1,-1.943165,0.060408
29,39,-1.943165,1,-1.948102,0.056577
29,40,-1.948102,1,-1.952750,0.053690
30,1,-1.000000,1,-1.356632,1.241629
30,2,-1.356632,1,-1.677173,1.147428
30,3,-1.677173,1,-1.955802,1.037306
30,4,-1.955802,1,-2.194634,0.924403
30,5,-2.194634,1,-2.397219,0.814421
30,6,-2.397219,0,-1.694514,0.824371
30,7,-1.694514,1,-1.861512,0.682553
30,8,-1.861512,1,-1.982835,0.559974
30,9,-1.982835,1,-2.072013,0.461301
30,10,-2.072013,1,-2.139810,0.385528
30,11,-2.139810,1,-2.193613,0.329445
30,12,-2.193613,1,-2.237904,0.288866
30,13,-2.237904,0,-2.072337,0.336246
30,14,-2.072337,1,-2.113429,0.271361
30,15,-2.113429,0,-1.945617,0.415006
30,16,-1.945617,1,-1.998604,0.327884
30,17,-1.998604,1,-2.035643,0.261459
30,18,-2.035643,1,-2.062774,0.211624
30,19,-2.062774,1,-2.083523,0.173306
30,20,-2.083523,0,-2.000325,0.260373
30,21,-2.000325,1,-2.025735,0.208298
30,22,-2.025735,1,-2.044705,0.169462
30,23,-2.044705,1,-2.059485,0.139415
30,24,-2.059485,1,-2.071536,0.117199
30,25,-2.071536,1,-2.081691,0.100487
30,26,-2.081691,1,-2.090513,0.088089
30,27,-2.090513,1,-2.098381,0.078980
30,28,-2.098381,1,-2.105551,0.072317
30,29,-2.105551,0,-2.076385,0.084737
30,30,-2.076385,0,-2.044249,0.111759
30,31,-2.044249,1,-2.053009,0.094713
30,32,-2.053009,1,-2.060514,0.082091
30,33,-2.060514,1,-2.067132,0.072820
30,34,-2.067132,0,-2.040382,0.093002
30,35,-2.040382,0,-2.007066,0.132256
30,36,-2.007066,0,-1.960961,0.201459
30,37,-1.960961,1,-1.976979,0.161402
30,38,-1.976979,1,-1.989044,0.131485
30,39,-1.989044,1,-1.998580,0.108733
30,40,-1.998580,1,-2.006417,0.091649
31,1,-1.000000,1,-1.356632,1.241629
31,2,-1.356632,1,-1.677173,1.147428
31,3,-1.677173,1,-1.955802,1.037306
31,4,-1.955802,1,-2.194634,0.924403
31,5,-2.194634,0,-1.371991,0.887522
31,6,-1.371991,1,-1.566999,0.745941
31,7,-1.566999,1,-1.709634,0.617506
31,8,-1.709634,1,-1.814317,0.511488
31,9,-1.814317,1,-1.893180,0.428550
31,10,-1.893180,1,-1.955140,0.366922
31,11,-1.955140,1,-2.006415,0.324192
31,12,-2.006415,1,-2.050492,0.296009
31,13,-2.050492,1,-2.089824,0.279655
31,14,-2.089824,0,-1.946858,0.255040
31,15,-1.946858,1,-1.977570,0.211846
31,16,-1.977570,0,-1.858321,0.299912
31,17,-1.858321,1,-1.893285,0.241736
31,18,-1.893285,1,-1.919497,0.196881
31,19,-1.919497,1,-1.939979,0.163102
31,20,-1.939979,1,-1.956555,0.137442
31,21,-1.956555,1,-1.970461,0.118259
31,22,-1.970461,1,-1.982376,0.103675
31,23,-1.982376,1,-1.992822,0.092749
31,24,-1.992822,0,-1.948921,0.114054
31,25,-1.948921,1,-1.959638,0.098815
31,26,-1.959638,1,-1.968935,0.087325
31,27,-1.968935,1,-1.977182,0.078713
31,28,-1.977182,0,-1.943813,0.095895
31,29,-1.943813,1,-1.952351,0.084157
31,30,-1.952351,0,-1.916867,0.110159
31,31,-1.916867,1,-1.926321,0.094526
31,32,-1.926321,1,-1.934450,0.082767
31,33,-1.934450,1,-1.941529,0.073728
31,34,-1.941529,1,-1.947875,0.067029
31,35,-1.947875,1,-1.953667,0.062028
31,36,-1.953667,1,-1.958949,0.058135
31,37,-1.958949,1,-1.963888,0.055152
31,38,-1.963888,1,-1.968473,0.052743
31,39,-1.968473,1,-1.972831,0.050815
31,40,-1.972831,1,-1.976928,0.049181
32,1,-1.000000,1,-1.356632,1.241629
32,2,-1.356632,1,-1.677173,1.147428
32,3,-1.677173,1,-1.955802,1.037306
32,4,-1.955802,1,-2.194634,0.924403
32,5,-2.194634,1,-2.397219,0.814421
32,6,-2.397219,0,-1.694514,0.824371
32,7,-1.694514,1,-1.861512,0.682553
32,8,-1.861512,1,-1.982835,0.559974
32,9,-1.982835,0,-1.468560,0.764442
32,10,-1.468560,1,-1.619742,0.618754
32,11,-1.619742,1,-1.723067,0.493784
32,12,-1.723067,1,-1.794174,0.395002
32,13,-1.794174,1,-1.845143,0.320063
32,14,-1.845143,1,-1.884041,0.265329
32,15,-1.884041,1,-1.914976,0.224096
32,16,-1.914976,1,-1.940820,0.194337
32,17,-1.940820,1,-1.963528,0.173982
32,18,-1.963528,1,-1.984021,0.160425
32,19,-1.984021,1,-2.003154,0.152326
32,20,-2.003154,1,-2.021591,0.148525
32,21,-2.021591,1,-2.039879,0.148081
32,22,-2.039879,1,-2.058500,0.150263
32,23,-2.058500,1,-2.077893,0.154493
32,24,-2.077893,1,-2.098461,0.160280
32,25,-2.098461,1,-2.120544,0.167142
32,26,-2.120544,0,-2.030322,0.089638
32,27,-2.030322,0,-1.985014,0.089168
32,28,-1.985014,1,-1.994508,0.082102
32,29,-1.994508,1,-2.003055,0.076451
32,30,-2.003055,1,-2.010940,0.072065
32,31,-2.010940,0,-1.977240,0.077683
32,32,-1.977240,0,-1.942625,0.091431
32,33,-1.942625,1,-1.951287,0.081676
32,34,-1.951287,1,-1.959036,0.074309
32,35,-1.959036,1,-1.966077,0.068703
32,36,-1.966077,1,-1.972556,0.064378
32,37,-1.972556,0,-1.944842,0.072536
32,38,-1.944842,0,-1.913404,0.089099
32,39,-1.913404,0,-1.876259,0.120615
32,40,-1.876259,1,-1.886371,0.102293
33,1,-1.000000,1,-1.356632,1.241629
33,2,-1.356632,1,-1.677173,1.147428
33,3,-1.677173,1,-1.955802,1.037306
33,4,-1.955802,1,-2.194634,0.924403
33,5,-2.194634,0,-1.371991,0.887522
33,6,-1.371991,1,-1.566999,0.745941
33,7,-1.566999,1,-1.709634,0.617506
33,8,-1.709634,1,-1.814317,0.511488
33,9,-1.814317,1,-1.893180,0.428550
33,10,-1.893180,1,-1.955140,0.366922
33,11,-1.955140,1,-2.006415,0.324192
33,12,-2.006415,1,-2.050492,0.296009
33,13,-2.050492,1,-2.089824,0.279655
33,14,-2.089824,1,-2.126690,0.273808
33,15,-2.126690,1,-2.163147,0.277209
33,16,-2.163147,1,-2.200315,0.287251
33,17,-2.200315,1,-2.240986,0.304496
33,18,-2.240986,1,-2.287745,0.327837
33,19,-2.287745,1,-2.345083,0.356993
33,20,-2.345083,1,-2.418236,0.389249
33,21,-2.418236,0,-2.185589,0.135255
33,22,-2.185589,1,-2.202970,0.130273
33,23,-2.202970,1,-2.218980,0.127321
33,24,-2.218980,0,-2.153623,0.107927
33,25,-2.153623,0,-2.091932,0.127406
33,26,-2.091932,0,-2.021294,0.167270
33,27,-2.021294,0,-1.929130,0.239337
33,28,-1.929130,1,-1.955981,0.195579
33,29,-1.955981,1,-1.976956,0.162233
33,30,-1.976956,1,-1.993839,0.136576
33,31,-1.993839,1,-2.007720,0.116599
33,32,-2.007720,1,-2.019541,0.101684
33,33,-2.019541,1,-2.029778,0.090275
33,34,-2.029778,1,-2.038820,0.081592
33,35,-2.038820,0,-2.001880,0.098478
33,36,-2.001880,1,-2.011262,0.086868
33,37,-2.011262,1,-2.019507,0.078092
33,38,-2.019507,1,-2.026892,0.071450
33,39,-2.026892,1,-2.033613,0.066386
33,40,-2.033613,0,-2.004778,0.076486
34,1,-1.000000,1,-1.356632,1.241629
34,2,-1.356632,1,-1.677173,1.147428
34,3,-1.677173,1,-1.955802,1.037306
34,4,-1.955802,1,-2.194634,0.924403
34,5,-2.194634,0,-1.371991,0.887522
34,6,-1.371991,1,-1.566999,0.745941
34,7,-1.566999,1,-1.709634,0.617506
34,8,-1.709634,1,-1.814317,0.511488
34,9,-1.814317,1,-1.893180,0.428550
34,10,-1.893180,1,-1.955140,0.366922
34,11,-1.955140,1,-2.006415,0.324192
34,12,-2.006415,1,-2.050492,0.296009
34,13,-2.050492,1,-2.089824,0.279655
34,14,-2.089824,1,-2.126690,0.273808
34,15,-2.126690,1,-2.163147,0.277209
34,16,-2.163147,0,-2.032789,0.187420
34,17,-2.032789,1,-2.055195,0.161214
34,18,-2.055195,0,-1.968914,0.207526
34,19,-1.968914,1,-1.992239,0.172248
34,20,-1.992239,1,-2.010971,0.144965
34,21,-2.010971,1,-2.026474,0.124228
34,22,-2.026474,1,-2.039693,0.108674
34,23,-2.039693,1,-2.051142,0.096759
34,24,-2.051142,1,-2.061249,0.087725
34,25,-2.061249,1,-2.070330,0.080919
34,26,-2.070330,1,-2.078618,0.075806
34,27,-2.078618,1,-2.086287,0.071977
34,28,-2.086287,1,-2.093466,0.069130
34,29,-2.093466,0,-2.062316,0.070821
34,30,-2.062316,0,-2.030467,0.081341
34,31,-2.030467,0,-1.994835,0.102353
34,32,-1.994835,0,-1.948933,0.142730
34,33,-1.948933,1,-1.962003,0.119499
34,34,-1.962003,0,-1.910163,0.173476
34,35,-1.910163,1,-1.926070,0.142441
34,36,-1.926070,1,-1.938712,0.119077
34,37,-1.938712,1,-1.949083,0.101174
34,38,-1.949083,1,-1.957836,0.087620
34,39,-1.957836,0,-1.923314,0.117807
34,40,-1.923314,1,-1.933235,0.099637
35,1,-1.000000,1,-1.356632,1.241629
35,2,-1.356632,1,-1.677173,1.147428
35,3,-1.677173,1,-1.955802,1.037306
35,4,-1.955802,1,-2.194634,0.924403
35,5,-2.194634,1,-2.397219,0.814421
35,6,-2.397219,0,-1.694514,0.824371
35,7,-1.694514,1,-1.861512,0.682553
35,8,-1.861512,1,-1.982835,0.559974
35,9,-1.982835,1,-2.072013,0.461301
35,10,-2.072013,1,-2.139810,0.385528
35,11,-2.139810,1,-2.193613,0.329445
35,12,-2.193613,1,-2.237904,0.288866
35,13,-2.237904,0,-2.072337,0.336246
35,14,-2.072337,0,-1.834152,0.524464
35,15,-1.834152,1,-1.911025,0.411990
35,16,-1.911025,1,-1.963155,0.325707
35,17,-1.963155,0,-1.742906,0.528250
35,18,-1.742906,1,-1.819689,0.411708
35,19,-1.819689,1,-1.870079,0.322961
35,20,-1.870079,1,-1.904672,0.256451
35,21,-1.904672,1,-1.929738,0.206170
35,22,-1.929738,1,-1.948992,0.168984
35,23,-1.948992,1,-1.964541,0.141188
35,24,-1.964541,1,-1.977526,0.120158
35,25,-1.977526,1,-1.988899,0.105001
35,26,-1.988899,1,-1.999054,0.093848
35,27,-1.999054,1,-2.008322,0.085747
35,28,-2.008322,1,-2.016939,0.079917
35,29,-2.016939,1,-2.025072,0.075747
35,30,-2.025072,1,-2.032843,0.072780
35,31,-2.032843,1,-2.040180,0.070524
35,32,-2.040180,1,-2.047310,0.068943
35,33,-2.047310,1,-2.054294,0.067872
35,34,-2.054294,1,-2.061011,0.067053
35,35,-2.061011,0,-2.030932,0.060703
35,36,-2.030932,1,-2.036548,0.058890
35,37,-2.036548,1,-2.041979,0.057444
35,38,-2.041979,1,-2.047153,0.056197
35,39,-2.047153,0,-2.024859,0.055218
35,40,-2.024859,1,-2.029615,0.053570
36,1,-1.000000,1,-1.356632,1.241629
36,2,-1.356632,1,-1.677173,1.147428
36,3,-1.677173,1,-1.955802,1.037306
36,4,-1.955802,0,-1.022668,0.920733
36,5,-1.022668,1,-1.243175,0.792314
36,6,-1.243175,1,-1.407345,0.664640
36,7,-1.407345,1,-1.528574,0.555600
36,8,-1.528574,1,-1.619979,0.469044
36,9,-1.619979,1,-1.691387,0.403947
36,10,-1.691387,1,-1.749478,0.357738
36,11,-1.749478,1,-1.799050,0.328187
36,12,-1.799050,1,-1.843382,0.312592
36,13,-1.843382,1,-1.884687,0.308135
36,14,-1.884687,1,-1.925276,0.313581
36,15,-1.925276,1,-1.968533,0.329618
36,16,-1.968533,1,-2.016533,0.353548
36,17,-2.016533,1,-2.073942,0.385903
36,18,-2.073942,1,-2.145233,0.423774
36,19,-2.145233,0,-1.921985,0.146022
36,20,-1.921985,1,-1.940631,0.137224
36,21,-1.940631,1,-1.957568,0.131733
36,22,-1.957568,1,-1.973260,0.129148
36,23,-1.973260,1,-1.987784,0.128607
36,24,-1.987784,1,-2.001756,0.130507
36,25,-2.001756,1,-2.015169,0.134095
36,26,-2.015169,1,-2.028635,0.140013
36,27,-2.028635,1,-2.042108,0.147526
36,28,-2.042108,0,-1.985948,0.080904
36,29,-1.985948,1,-1.994845,0.077748
36,30,-1.994845,1,-2.002984,0.075190
36,31,-2.002984,1,-2.010618,0.073339
36,32,-2.010618,0,-1.977824,0.069713
36,33,-1.977824,1,-1.985046,0.066438
36,34,-1.985046,0,-1.955708,0.070123
36,35,-1.955708,1,-1.962924,0.066318
36,36,-1.962924,1,-1.969486,0.063043
36,37,-1.969486,1,-1.975583,0.060293
36,38,-1.975583,1,-1.981291,0.057954
36,39,-1.981291,1,-1.986588,0.055878
36,40,-1.986588,0,-1.964425,0.058238
37,1,-1.000000,1,-1.356632,1.241629
37,2,-1.356632,1,-1.677173,1.147428
37,3,-1.677173,1,-1.955802,1.037306
37,4,-1.955802,1,-2.194634,0.924403
37,5,-2.194634,1,-2.397219,0.814421
37,6,-2.397219,1,-2.569425,0.713176
37,7,-2.569425,1,-2.715078,0.620612
37,8,-2.715078,0,-2.195372,0.674091
37,9,-2.195372,0,-1.497166,0.857376
37,10,-1.497166,1,-1.679881,0.713090
37,11,-1.679881,1,-1.812169,0.583717
37,12,-1.812169,1,-1.908425,0.477092
37,13,-1.908425,1,-1.980675,0.393583
37,14,-1.980675,1,-2.036717,0.329150
37,15,-2.036717,1,-2.082094,0.281107
37,16,-2.082094,1,-2.119930,0.245259
37,17,-2.119930,1,-2.152903,0.220082
37,18,-2.152903,1,-2.182506,0.202983
37,19,-2.182506,1,-2.210168,0.192615
37,20,-2.210168,1,-2.237088,0.187689
37,21,-2.237088,1,-2.264324,0.187025
37,22,-2.264324,0,-2.158191,0.135571
37,23,-2.158191,1,-2.174148,0.120523
37,24,-2.174148,1,-2.188050,0.109025
37,25,-2.188050,0,-2.131925,0.125639
37,26,-2.131925,1,-2.145527,0.109497
37,27,-2.145527,0,-2.092473,0.140715
37,28,-2.092473,1,-2.106923,0.119755
37,29,-2.106923,1,-2.119126,0.104006
37,30,-2.119126,1,-2.129614,0.091897
37,31,-2.129614,0,-2.087228,0.117073
37,32,-2.087228,1,-2.098556,0.101124
37,33,-2.098556,1,-2.108253,0.088932
37,34,-2.108253,1,-2.116736,0.079669
37,35,-2.116736,0,-2.082894,0.098702
37,36,-2.082894,1,-2.091945,0.086374
37,37,-2.091945,1,-2.099834,0.077084
37,38,-2.099834,0,-2.067558,0.097009
37,39,-2.067558,1,-2.076198,0.084806
37,40,-2.076198,1,-2.083735,0.075600
38,1,-1.000000,1,-1.356632,1.241629
38,2,-1.356632,1,-1.677173,1.147428
38,3,-1.677173,1,-1.955802,1.037306
38,4,-1.955802,1,-2.194634,0.924403
38,5,-2.194634,0,-1.371991,0.887522
38,6,-1.371991,1,-1.566999,0.745941
38,7,-1.566999,1,-1.709634,0.617506
38,8,-1.709634,1,-1.814317,0.511488
38,9,-1.814317,1,-1.893180,0.428550
38,10,-1.893180,1,-1.955140,0.366922
38,11,-1.955140,1,-2.006415,0.324192
38,12,-2.006415,1,-2.050492,0.296009
38,13,-2.050492,0,-1.888653,0.306272
38,14,-1.888653,1,-1.926293,0.250158
38,15,-1.926293,1,-1.955461,0.207751
38,16,-1.955461,1,-1.978892,0.175901
38,17,-1.978892,0,-1.887409,0.240273
38,18,-1.887409,1,-1.913114,0.195805
38,19,-1.913114,1,-1.933016,0.161488
38,20,-1.933016,1,-1.949005,0.135524
38,21,-1.949005,1,-1.962347,0.116188
38,22,-1.962347,1,-1.973734,0.101549
38,23,-1.973734,1,-1.983691,0.090626
38,24,-1.983691,0,-1.941536,0.112585
38,25,-1.941536,1,-1.951873,0.097294
38,26,-1.951873,1,-1.960822,0.085816
38,27,-1.960822,0,-1.923991,0.110459
38,28,-1.923991,1,-1.933613,0.094794
38,29,-1.933613,1,-1.941888,0.083084
38,30,-1.941888,1,-1.949185,0.074382
38,31,-1.949185,1,-1.955757,0.067911
38,32,-1.955757,1,-1.961776,0.063064
38,33,-1.961776,1,-1.967283,0.059270
38,34,-1.967283,1,-1.972443,0.056354
38,35,-1.972443,0,-1.950072,0.061526
38,36,-1.950072,1,-1.955288,0.057659
38,37,-1.955288,1,-1.960164,0.054696
38,38,-1.960164,1,-1.964698,0.052300
38,39,-1.964698,1,-1.968933,0.050326
38,40,-1.968933,1,-1.972982,0.048713
39,1,-1.000000,1,-1.356632,1.241629
39,2,-1.356632,1,-1.677173,1.147428
39,3,-1.677173,1,-1.955802,1.037306
39,4,-1.955802,1,-2.194634,0.924403
39,5,-2.194634,1,-2.397219,0.814421
39,6,-2.397219,1,-2.569425,0.713176
39,7,-2.569425,1,-2.715078,0.620612
39,8,-2.715078,0,-2.195372,0.674091
39,9,-2.195372,1,-2.317303,0.552613
39,10,-2.317303,1,-2.406757,0.451863
39,11,-2.406757,0,-2.043242,0.634722
39,12,-2.043242,1,-2.150860,0.506629
39,13,-2.150860,1,-2.225156,0.403202
39,14,-2.225156,1,-2.277702,0.324139
39,15,-2.277702,1,-2.316424,0.264024
39,16,-2.316424,1,-2.346433,0.219084
39,17,-2.346433,0,-2.231536,0.309354
39,18,-2.231536,1,-2.265172,0.246658
39,19,-2.265172,0,-2.137466,0.385514
39,20,-2.137466,1,-2.182933,0.302545
39,21,-2.182933,1,-2.214027,0.239514
39,22,-2.214027,0,-2.089269,0.391673
39,23,-2.089269,0,-1.767454,0.676121
39,24,-1.767454,1,-1.887215,0.535840
39,25,-1.887215,1,-1.966962,0.419986
39,26,-1.966962,1,-2.020148,0.330149
39,27,-2.020148,1,-2.056689,0.261768
39,28,-2.056689,1,-2.082985,0.210604
39,29,-2.082985,1,-2.102800,0.171357
39,30,-2.102800,1,-2.118407,0.141824
39,31,-2.118407,1,-2.131270,0.119937
39,32,-2.131270,0,-2.079543,0.169085
39,33,-2.079543,1,-2.094005,0.139015
39,34,-2.094005,0,-2.036038,0.210742
39,35,-2.036038,1,-2.054196,0.170069
39,36,-2.054196,0,-1.982380,0.270217
39,37,-1.982380,1,-2.007412,0.213636
39,38,-2.007412,1,-2.025353,0.171644
39,39,-2.025353,1,-2.038946,0.140087
39,40,-2.038946,1,-2.049724,0.115983
40,1,-1.000000,1,-1.356632,1.241629
40,2,-1.356632,1,-1.677173,1.147428
40,3,-1.677173,1,-1.955802,1.037306
40,4,-1.955802,1,-2.194634,0.924403
40,5,-2.194634,0,-1.371991,0.887522
40,6,-1.371991,1,-1.566999,0.745941
40,7,-1.566999,1,-1.709634,0.617506
40,8,-1.709634,1,-1.814317,0.511488
40,9,-1.814317,1,-1.893180,0.428550
40,10,-1.893180,1,-1.955140,0.366922
40,11,-1.955140,1,-2.006415,0.324192
40,12,-2.006415,1,-2.050492,0.296009
40,13,-2.050492,1,-2.089824,0.279655
40,14,-2.089824,0,-1.946858,0.255040
40,15,-1.946858,1,-1.977570,0.211846
40,16,-1.977570,1,-2.002156,0.179025
40,17,-2.002156,1,-2.022338,0.154164
40,18,-2.022338,1,-2.039412,0.135991
40,19,-2.039412,1,-2.054310,0.123296
40,20,-2.054310,1,-2.067466,0.114550
40,21,-2.067466,1,-2.079553,0.109492
40,22,-2.079553,1,-2.090724,0.107004
40,23,-2.090724,1,-2.101227,0.106646
40,24,-2.101227,1,-2.111269,0.108098
40,25,-2.111269,1,-2.121029,0.111153
40,26,-2.121029,1,-2.130670,0.115695
40,27,-2.130670,1,-2.140352,0.121685
40,28,-2.140352,1,-2.150243,0.129138
40,29,-2.150243,1,-2.160527,0.138111
40,30,-2.160527,1,-2.171416,0.148691
40,31,-2.171416,1,-2.183160,0.160981
40,32,-2.183160,0,-2.132845,0.065190
40,33,-2.132845,1,-2.138725,0.064653
40,34,-2.138725,1,-2.144444,0.064558
40,35,-2.144444,1,-2.149915,0.064738
40,36,-2.149915,1,-2.155294,0.065386
40,37,-2.155294,0,-2.132397,0.054459
40,38,-2.132397,1,-2.137131,0.053260
40,39,-2.137131,0,-2.116826,0.053033
40,40,-2.116826,1,-2.121407,0.051656
41,1,-1.000000,1,-1.356632,1.241629
41,2,-1.356632,1,-1.677173,1.147428
41,3,-1.677173,1,-1.955802,1.037306
41,4,-1.955802,1,-2.194634,0.924403
41,5,-2.194634,1,-2.397219,0.814421
41,6,-2.397219,1,-2.569425,0.713176
41,7,-2.569425,0,-1.960852,0.751976
41,8,-1.960852,1,-2.103899,0.618171
41,9,-2.103899,1,-2.207861,0.505169
41,10,-2.207861,0,-1.778830,0.702003
41,11,-1.778830,1,-1.906153,0.562643
41,12,-1.906153,1,-1.993351,0.447799
41,13,-1.993351,1,-2.053816,0.357901
41,14,-2.053816,1,-2.097589,0.290010
41,15,-2.097589,1,-2.131199,0.240085
41,16,-2.131199,1,-2.158217,0.202852
41,17,-2.158217,1,-2.181079,0.176118
41,18,-2.181079,1,-2.201062,0.157080
41,19,-2.201062,0,-2.120687,0.184081
41,20,-2.120687,1,-2.138711,0.153129
41,21,-2.138711,1,-2.153635,0.130018
41,22,-2.153635,1,-2.166304,0.112526
41,23,-2.166304,1,-2.177509,0.099914
41,24,-2.177509,0,-2.132439,0.124300
41,25,-2.132439,1,-2.143645,0.106242
41,26,-2.143645,0,-2.097260,0.147032
41,27,-2.097260,1,-2.109764,0.122589
41,28,-2.109764,1,-2.120137,0.104044
41,29,-2.120137,1,-2.129011,0.090155
41,30,-2.129011,1,-2.136812,0.079846
41,31,-2.136812,1,-2.143826,0.072222
41,32,-2.143826,1,-2.150150,0.066398
41,33,-2.150150,0,-2.123348,0.077962
41,34,-2.123348,1,-2.129840,0.070033
41,35,-2.129840,1,-2.135753,0.064203
41,36,-2.135753,1,-2.141222,0.059874
41,37,-2.141222,0,-2.117938,0.068819
41,38,-2.117938,0,-2.092617,0.086512
41,39,-2.092617,1,-2.099264,0.075495
41,40,-2.099264,1,-2.105171,0.067420
42,1,-1.000000,1,-1.356632,1.241629
42,2,-1.356632,1,-1.677173,1.147428
42,3,-1.677173,1,-1.955802,1.037306
42,4,-1.955802,1,-2.194634,0.924403
42,5,-2.194634,0,-1.371991,0.887522
42,6,-1.371991,1,-1.566999,0.745941
42,7,-1.566999,1,-1.709634,0.617506
42,8,-1.709634,1,-1.814317,0.511488
42,9,-1.814317,1,-1.893180,0.428550
42,10,-1.893180,1,-1.955140,0.366922
42,11,-1.955140,1,-2.006415,0.324192
42,12,-2.006415,1,-2.050492,0.296009
42,13,-2.050492,1,-2.089824,0.279655
42,14,-2.089824,1,-2.126690,0.273808
42,15,-2.126690,1,-2.163147,0.277209
42,16,-2.163147,0,-2.032789,0.187420
42,17,-2.032789,1,-2.055195,0.161214
42,18,-2.055195,0,-1.968914,0.207526
42,19,-1.968914,1,-1.992239,0.172248
42,20,-1.992239,1,-2.010971,0.144965
42,21,-2.010971,1,-2.026474,0.124228
42,22,-2.026474,1,-2.039693,0.108674
42,23,-2.039693,1,-2.051142,0.096759
42,24,-2.051142,1,-2.061249,0.087725
42,25,-2.061249,0,-2.019205,0.104216
42,26,-2.019205,1,-2.029534,0.091863
42,27,-2.029534,1,-2.038584,0.082466
42,28,-2.038584,1,-2.046665,0.075328
42,29,-2.046665,1,-2.053998,0.069878
42,30,-2.053998,0,-2.022530,0.080403
42,31,-2.022530,0,-1.987185,0.101745
42,32,-1.987185,1,-1.996474,0.088708
42,33,-1.996474,1,-2.004541,0.078837
42,34,-2.004541,1,-2.011607,0.071172
42,35,-2.011607,1,-2.017967,0.065404
42,36,-2.017967,1,-2.023781,0.061014
42,37,-2.023781,1,-2.029087,0.057522
42,38,-2.029087,1,-2.034046,0.054785
42,39,-2.034046,1,-2.038647,0.052524
42,40,-2.038647,1,-2.043016,0.050678
43,1,-1.000000,1,-1.356632,1.241629
43,2,-1.356632,1,-1.677173,1.147428
43,3,-1.677173,1,-1.955802,1.037306
43,4,-1.955802,1,-2.194634,0.924403
43,5,-2.194634,1,-2.397219,0.814421
43,6,-2.397219,0,-1.694514,0.824371
43,7,-1.694514,1,-1.861512,0.682553
43,8,-1.861512,1,-1.982835,0.559974
43,9,-1.982835,1,-2.072013,0.461301
43,10,-2.072013,1,-2.139810,0.385528
43,11,-2.139810,1,-2.193613,0.329445
43,12,-2.193613,1,-2.237904,0.288866
43,13,-2.237904,1,-2.276309,0.262183
43,14,-2.276309,0,-2.135352,0.276695
43,15,-2.135352,1,-2.168154,0.227328
43,16,-2.168154,1,-2.193928,0.189536
43,17,-2.193928,1,-2.214757,0.160648
43,18,-2.214757,0,-2.129625,0.220350
43,19,-2.129625,1,-2.152466,0.180314
43,20,-2.152466,1,-2.170437,0.149668
43,21,-2.170437,0,-2.099636,0.216948
43,22,-2.099636,0,-1.989352,0.340613
43,23,-1.989352,1,-2.027695,0.269085
43,24,-2.027695,1,-2.054779,0.215240
43,25,-2.054779,1,-2.074761,0.173824
43,26,-2.074761,1,-2.090145,0.142574
43,27,-2.090145,0,-2.030308,0.213062
43,28,-2.030308,0,-1.930005,0.342544
43,29,-1.930005,1,-1.967079,0.268783
43,30,-1.967079,1,-1.992633,0.213771
43,31,-1.992633,1,-2.011180,0.171745
43,32,-2.011180,1,-2.025282,0.140180
43,33,-2.025282,1,-2.036540,0.116766
43,34,-2.036540,1,-2.045883,0.099054
43,35,-2.045883,1,-2.053892,0.085820
43,36,-2.053892,1,-2.060867,0.075741
43,37,-2.060867,1,-2.067137,0.068374
43,38,-2.067137,1,-2.072884,0.062977
43,39,-2.072884,1,-2.078150,0.058861
43,40,-2.078150,0,-2.055944,0.066649
44,1,-1.000000,1,-1.356632,1.241629
44,2,-1.356632,1,-1.677173,1.147428
44,3,-1.677173,1,-1.955802,1.037306
44,4,-1.955802,0,-1.022668,0.920733
44,5,-1.022668,1,-1.243175,0.792314
44,6,-1.243175,1,-1.407345,0.664640
44,7,-1.407345,1,-1.528574,0.555600
44,8,-1.528574,1,-1.619979,0.469044
44,9,-1.619979,1,-1.691387,0.403947
44,10,-1.691387,1,-1.749478,0.357738
44,11,-1.749478,1,-1.799050,0.328187
44,12,-1.799050,1,-1.843382,0.312592
44,13,-1.843382,1,-1.884687,0.308135
44,14,-1.884687,1,-1.925276,0.313581
44,15,-1.925276,1,-1.968533,0.329618
44,16,-1.968533,1,-2.016533,0.353548
44,17,-2.016533,0,-1.859104,0.159893
44,18,-1.859104,1,-1.879149,0.143758
44,19,-1.879149,1,-1.896676,0.132244
44,20,-1.896676,1,-1.912334,0.124644
44,21,-1.912334,1,-1.926376,0.119877
44,22,-1.926376,1,-1.939411,0.118054
44,23,-1.939411,1,-1.951534,0.118330
44,24,-1.951534,1,-1.962983,0.120478
44,25,-1.962983,1,-1.973972,0.124344
44,26,-1.973972,0,-1.926918,0.081337
44,27,-1.926918,1,-1.935723,0.076998
44,28,-1.935723,1,-1.943838,0.073644
44,29,-1.943838,1,-1.951262,0.070942
44,30,-1.951262,1,-1.958216,0.068950
44,31,-1.958216,1,-1.964787,0.067585
44,32,-1.964787,1,-1.970923,0.066634
44,33,-1.970923,1,-1.976803,0.066239
44,34,-1.976803,0,-1.951926,0.059394
44,35,-1.951926,1,-1.957420,0.057374
44,36,-1.957420,1,-1.962639,0.055654
44,37,-1.962639,1,-1.967538,0.054118
44,38,-1.967538,1,-1.972236,0.052805
44,39,-1.972236,1,-1.976681,0.051626
44,40,-1.976681,0,-1.957740,0.051718
45,1,-1.000000,1,-1.356632,1.241629
45,2,-1.356632,1,-1.677173,1.147428
45,3,-1.677173,1,-1.955802,1.037306
45,4,-1.955802,1,-2.194634,0.924403
45,5,-2.194634,0,-1.371991,0.887522
45,6,-1.371991,1,-1.566999,0.745941
45,7,-1.566999,1,-1.709634,0.617506
45,8,-1.709634,1,-1.814317,0.511488
45,9,-1.814317,1,-1.893180,0.428550
45,10,-1.893180,1,-1.955140,0.366922
45,11,-1.955140,1,-2.006415,0.324192
45,12,-2.006415,1,-2.050492,0.296009
45,13,-2.050492,1,-2.089824,0.279655
45,14,-2.089824,0,-1.946858,0.255040
45,15,-1.946858,1,-1.977570,0.211846
45,16,-1.977570,0,-1.858321,0.299912
45,17,-1.858321,1,-1.893285,0.241736
45,18,-1.893285,1,-1.919497,0.196881
45,19,-1.919497,1,-1.939979,0.163102
45,20,-1.939979,1,-1.956555,0.137442
45,21,-1.956555,1,-1.970461,0.118259
45,22,-1.970461,0,-1.914663,0.159260
45,23,-1.914663,1,-1.929670,0.132547
45,24,-1.929670,1,-1.942041,0.112654
45,25,-1.942041,1,-1.952507,0.097567
45,26,-1.952507,1,-1.961593,0.086250
45,27,-1.961593,1,-1.969664,0.077809
45,28,-1.969664,1,-1.976974,0.071511
45,29,-1.976974,1,-1.983700,0.066780
45,30,-1.983700,1,-1.989866,0.063059
45,31,-1.989866,0,-1.963499,0.068785
45,32,-1.963499,1,-1.969624,0.063826
45,33,-1.969624,1,-1.975302,0.060068
45,34,-1.975302,1,-1.980624,0.057164
45,35,-1.980624,1,-1.985579,0.054792
45,36,-1.985579,0,-1.964951,0.058125
45,37,-1.964951,1,-1.969859,0.055137
45,38,-1.969859,0,-1.948772,0.060417
45,39,-1.948772,1,-1.953837,0.056642
45,40,-1.953837,1,-1.958500,0.053659
46,1,-1.000000,1,-1.356632,1.241629
46,2,-1.356632,1,-1.677173,1.147428
46,3,-1.677173,1,-1.955802,1.037306
46,4,-1.955802,1,-2.194634,0.924403
46,5,-2.194634,1,-2.397219,0.814421
46,6,-2.397219,0,-1.694514,0.824371
46,7,-1.694514,1,-1.861512,0.682553
46,8,-1.861512,1,-1.982835,0.559974
46,9,-1.982835,1,-2.072013,0.461301
46,10,-2.072013,0,-1.709744,0.632352
46,11,-1.709744,1,-1.815762,0.501710
46,12,-1.815762,1,-1.887578,0.398597
46,13,-1.887578,1,-1.937986,0.320099
46,14,-1.937986,1,-1.975273,0.261284
46,15,-1.975273,1,-2.004457,0.217861
46,16,-2.004457,1,-2.028138,0.185102
46,17,-2.028138,0,-1.935497,0.245386
46,18,-1.935497,1,-1.959925,0.199191
46,19,-1.959925,1,-1.978901,0.163953
46,20,-1.978901,0,-1.905037,0.241773
46,21,-1.905037,1,-1.927570,0.194668
46,22,-1.927570,1,-1.944711,0.158880
46,23,-1.944711,1,-1.958275,0.131393
46,24,-1.958275,1,-1.969526,0.111193
46,25,-1.969526,1,-1.979145,0.096051
46,26,-1.979145,0,-1.940304,0.129259
46,27,-1.940304,0,-1.890520,0.193142
46,28,-1.890520,1,-1.906136,0.155926
46,29,-1.906136,1,-1.918256,0.128216
46,30,-1.918256,1,-1.928092,0.107203
46,31,-1.928092,1,-1.936372,0.091476
46,32,-1.936372,1,-1.943569,0.079831
46,33,-1.943569,1,-1.949912,0.071020
46,34,-1.949912,1,-1.955677,0.064606
46,35,-1.955677,1,-1.961007,0.059906
46,36,-1.961007,1,-1.965926,0.056307
46,37,-1.965926,1,-1.970576,0.053596
46,38,-1.970576,1,-1.974935,0.051432
46,39,-1.974935,1,-1.979038,0.049665
46,40,-1.979038,1,-1.982991,0.048233
47,1,-1.000000,1,-1.356632,1.241629
47,2,-1.356632,1,-1.677173,1.147428
47,3,-1.677173,1,-1.955802,1.037306
47,4,-1.955802,1,-2.194634,0.924403
47,5,-2.194634,1,-2.397219,0.814421
47,6,-2.397219,0,-1.694514,0.824371
47,7,-1.694514,1,-1.861512,0.682553
47,8,-1.861512,1,-1.982835,0.559974
47,9,-1.982835,1,-2.072013,0.461301
47,10,-2.072013,0,-1.709744,0.632352
47,11,-1.709744,1,-1.815762,0.501710
47,12,-1.815762,1,-1.887578,0.398597
47,13,-1.887578,1,-1.937986,0.320099
47,14,-1.937986,1,-1.975273,0.261284
47,15,-1.975273,1,-2.004457,0.217861
47,16,-2.004457,1,-2.028138,0.185102
47,17,-2.028138,0,-1.935497,0.245386
47,18,-1.935497,1,-1.959925,0.199191
47,19,-1.959925,1,-1.978901,0.163953
47,20,-1.978901,1,-1.994301,0.137563
47,21,-1.994301,1,-2.007174,0.117556
47,22,-2.007174,1,-2.018420,0.103109
47,23,-2.018420,1,-2.028417,0.092465
47,24,-2.028417,1,-2.037491,0.084744
47,25,-2.037491,1,-2.045874,0.079228
47,26,-2.045874,0,-2.011528,0.086251
47,27,-2.011528,1,-2.019410,0.077739
47,28,-2.019410,1,-2.026597,0.071441
47,29,-2.026597,1,-2.033250,0.066748
47,30,-2.033250,1,-2.039376,0.063080
47,31,-2.039376,1,-2.045159,0.060276
47,32,-2.045159,1,-2.050663,0.058091
47,33,-2.050663,1,-2.055845,0.056275
47,34,-2.055845,1,-2.060832,0.054814
47,35,-2.060832,1,-2.065569,0.053558
47,36,-2.065569,1,-2.070168,0.052534
47,37,-2.070168,1,-2.074569,0.051640
47,38,-2.074569,1,-2.078783,0.050859
47,39,-2.078783,1,-2.082921,0.050246
47,40,-2.082921,1,-2.086909,0.049727
48,1,-1.000000,1,-1.356632,1.241629
48,2,-1.356632,1,-1.677173,1.147428
48,3,-1.677173,1,-1.955802,1.037306
48,4,-1.955802,1,-2.194634,0.924403
48,5,-2.194634,1,-2.397219,0.814421
48,6,-2.397219,1,-2.569425,0.713176
48,7,-2.569425,1,-2.715078,0.620612
48,8,-2.715078,0,-2.195372,0.674091
48,9,-2.195372,1,-2.317303,0.552613
48,10,-2.317303,1,-2.406757,0.451863
48,11,-2.406757,1,-2.473655,0.372585
48,12,-2.473655,0,-2.203435,0.521968
48,13,-2.203435,0,-1.657337,0.800632
48,14,-1.657337,1,-1.818756,0.655487
48,15,-1.818756,1,-1.933393,0.528628
48,16,-1.933393,1,-2.014837,0.424942
48,17,-2.014837,1,-2.074019,0.343523
48,18,-2.074019,0,-1.827813,0.512283
48,19,-1.827813,1,-1.902111,0.404113
48,20,-1.902111,1,-1.953023,0.320671
48,21,-1.953023,0,-1.740219,0.512419
48,22,-1.740219,1,-1.813132,0.399653
48,23,-1.813132,1,-1.861107,0.313511
48,24,-1.861107,1,-1.894223,0.249339
48,25,-1.894223,1,-1.918410,0.201011
48,26,-1.918410,1,-1.937164,0.165386
48,27,-1.937164,1,-1.952450,0.138828
48,28,-1.952450,0,-1.890632,0.198618
48,29,-1.890632,1,-1.907706,0.161271
48,30,-1.907706,1,-1.921201,0.133435
48,31,-1.921201,1,-1.932305,0.112361
48,32,-1.932305,1,-1.941769,0.096654
48,33,-1.941769,1,-1.950085,0.085097
48,34,-1.950085,1,-1.957581,0.076665
48,35,-1.957581,0,-1.926736,0.093575
48,36,-1.926736,1,-1.934355,0.081934
48,37,-1.934355,1,-1.941093,0.073136
48,38,-1.941093,1,-1.947242,0.066740
48,39,-1.947242,1,-1.952946,0.062061
48,40,-1.952946,1,-1.958219,0.058477
49,1,-1.000000,1,-1.356632,1.241629
49,2,-1.356632,1,-1.677173,1.147428
49,3,-1.677173,1,-1.955802,1.037306
49,4,-1.955802,1,-2.194634,0.924403
49,5,-2.194634,1,-2.397219,0.814421
49,6,-2.397219,1,-2.569425,0.713176
49,7,-2.569425,1,-2.715078,0.620612
49,8,-2.715078,1,-2.838337,0.538040
49,9,-2.838337,0,-2.388426,0.600768
49,10,-2.388426,1,-2.492667,0.491807
49,11,-2.492667,0,-2.049850,0.687694
49,12,-2.049850,0,-1.277250,0.890849
49,13,-1.277250,1,-1.478139,0.749616
49,14,-1.478139,1,-1.624759,0.617806
49,15,-1.624759,1,-1.731378,0.506376
49,16,-1.731378,1,-1.811091,0.417986
49,17,-1.811091,1,-1.872801,0.349593
49,18,-1.872801,1,-1.922337,0.297539
49,19,-1.922337,1,-1.963704,0.259004
49,20,-1.963704,1,-1.999486,0.231175
49,21,-1.999486,1,-2.031894,0.212462
49,22,-2.031894,1,-2.062069,0.200363
49,23,-2.062069,0,-1.946084,0.184184
49,24,-1.946084,1,-1.967880,0.157134
49,25,-1.967880,1,-1.986140,0.136430
49,26,-1.986140,1,-2.001846,0.120932
49,27,-2.001846,1,-2.015515,0.109188
49,28,-2.015515,1,-2.027833,0.100882
49,29,-2.027833,1,-2.039018,0.094947
49,30,-2.039018,1,-2.049343,0.090926
49,31,-2.049343,1,-2.059032,0.088461
49,32,-2.059032,0,-2.018481,0.081918
49,33,-2.018481,1,-2.026988,0.075946
49,34,-2.026988,1,-2.034764,0.071313
49,35,-2.034764,1,-2.041837,0.067557
49,36,-2.041837,1,-2.048435,0.064608
49,37,-2.048435,1,-2.054648,0.062279
49,38,-2.054648,1,-2.060437,0.060338
49,39,-2.060437,0,-2.035250,0.060798
49,40,-2.035250,1,-2.040916,0.058263
