repetition, trial, tTest, response, mode_mean, mode_sd
1,1,-1.000000,1,-1.356632,1.241629
1,2,-1.220000,1,-1.664935,1.134353
1,3,-1.420000,1,-1.915658,1.008054
1,4,-1.610000,1,-2.116555,0.884966
1,5,-1.790000,1,-2.280174,0.775375
1,6,-1.970000,1,-2.418984,0.682096
1,7,-2.140000,0,-1.663884,0.658234
1,8,-1.960000,0,-1.398641,0.720182
1,9,-1.810000,1,-1.516821,0.651682
1,10,-1.850000,1,-1.617809,0.579070
1,11,-1.880000,1,-1.702036,0.505898
1,12,-1.900000,1,-1.771101,0.434812
1,13,-1.920000,1,-1.826139,0.369842
1,14,-1.940000,1,-1.869485,0.313411
1,15,-1.950000,1,-1.904130,0.264829
1,16,-1.960000,1,-1.931915,0.224879
1,17,-1.970000,1,-1.954547,0.193615
1,18,-1.990000,1,-1.973539,0.171645
1,19,-1.990000,0,-1.907145,0.211441
1,20,-1.960000,1,-1.926679,0.177188
1,21,-1.970000,1,-1.942534,0.149637
1,22,-1.970000,1,-1.955747,0.127194
1,23,-1.980000,1,-1.966928,0.110030
1,24,-1.990000,1,-1.976652,0.097219
1,25,-1.990000,1,-1.985266,0.087554
1,26,-2.000000,1,-1.993082,0.080844
1,27,-2.010000,1,-2.000321,0.076456
1,28,-2.010000,1,-2.007054,0.073645
1,29,-2.020000,1,-2.013472,0.072352
1,30,-2.020000,1,-2.019569,0.072057
1,31,-2.030000,0,-1.995210,0.063039
1,32,-2.010000,1,-2.000760,0.059699
1,33,-2.010000,1,-2.005953,0.057096
1,34,-2.020000,0,-1.986051,0.060386
1,35,-2.000000,1,-1.991186,0.056942
1,36,-2.000000,1,-1.995978,0.054219
1,37,-2.010000,1,-2.000528,0.052106
1,38,-2.010000,1,-2.004828,0.050361
1,39,-2.010000,0,-1.987134,0.052767
1,40,-2.000000,1,-1.991432,0.050598
2,1,-1.000000,1,-1.356632,1.241629
2,2,-1.220000,1,-1.664935,1.134353
2,3,-1.420000,1,-1.915658,1.008054
2,4,-1.610000,1,-2.116555,0.884966
2,5,-1.790000,1,-2.280174,0.775375
2,6,-1.970000,1,-2.418984,0.682096
2,7,-2.140000,0,-1.663884,0.658234
2,8,-1.960000,1,-1.775482,0.596063
2,9,-2.010000,1,-1.871939,0.537823
2,10,-2.040000,1,-1.955850,0.484282
2,11,-2.070000,1,-2.028252,0.440210
2,12,-2.090000,1,-2.091456,0.406449
2,13,-2.110000,0,-1.891203,0.419149
2,14,-2.050000,0,-1.745772,0.522617
2,15,-1.990000,1,-1.815309,0.456984
2,16,-2.000000,1,-1.873336,0.392254
2,17,-2.020000,1,-1.919153,0.333854
2,18,-2.030000,1,-1.955621,0.281396
2,19,-2.040000,1,-1.984365,0.235941
2,20,-2.050000,1,-2.007065,0.197704
2,21,-2.060000,1,-2.025206,0.166326
2,22,-2.060000,1,-2.040072,0.140278
2,23,-2.070000,1,-2.052357,0.119969
2,24,-2.080000,0,-2.013079,0.159732
2,25,-2.050000,1,-2.026713,0.134236
2,26,-2.060000,1,-2.037931,0.114167
2,27,-2.060000,1,-2.047423,0.098066
2,28,-2.070000,1,-2.055599,0.085813
2,29,-2.070000,1,-2.062790,0.076272
2,30,-2.080000,1,-2.069248,0.069187
2,31,-2.080000,1,-2.075111,0.063755
2,32,-2.090000,0,-2.053317,0.073862
2,33,-2.070000,0,-2.029201,0.093230
2,34,-2.050000,1,-2.036520,0.081223
2,35,-2.060000,1,-2.042947,0.072174
2,36,-2.060000,1,-2.048698,0.065152
2,37,-2.060000,1,-2.053903,0.059749
2,38,-2.070000,1,-2.058705,0.055723
2,39,-2.070000,1,-2.063154,0.052580
2,40,-2.070000,1,-2.067304,0.050098
3,1,-1.000000,1,-1.356632,1.241629
3,2,-1.220000,1,-1.664935,1.134353
3,3,-1.420000,1,-1.915658,1.008054
3,4,-1.610000,1,-2.116555,0.884966
3,5,-1.790000,1,-2.280174,0.775375
3,6,-1.970000,1,-2.418984,0.682096
3,7,-2.140000,0,-1.663884,0.658234
3,8,-1.960000,1,-1.775482,0.596063
3,9,-2.010000,1,-1.871939,0.537823
3,10,-2.040000,1,-1.955850,0.484282
3,11,-2.070000,0,-1.739557,0.542040
3,12,-1.990000,1,-1.815717,0.475299
3,13,-2.010000,1,-1.878756,0.410832
3,14,-2.030000,1,-1.929519,0.352044
3,15,-2.040000,1,-1.970530,0.299166
3,16,-2.050000,1,-2.003306,0.253897
3,17,-2.070000,1,-2.029399,0.218428
3,18,-2.070000,0,-1.949774,0.287534
3,19,-2.040000,0,-1.858276,0.384017
3,20,-2.000000,1,-1.901507,0.325773
3,21,-2.010000,1,-1.935541,0.273960
3,22,-2.020000,1,-1.962144,0.229361
3,23,-2.020000,1,-1.983310,0.190682
3,24,-2.030000,0,-1.923909,0.266794
3,25,-2.000000,1,-1.949209,0.222131
3,26,-2.010000,1,-1.968849,0.185031
3,27,-2.020000,1,-1.984332,0.154814
3,28,-2.020000,1,-1.996921,0.129769
3,29,-2.030000,1,-2.007237,0.110121
3,30,-2.030000,1,-2.015951,0.094386
3,31,-2.040000,1,-2.023444,0.082415
3,32,-2.040000,1,-2.030035,0.073081
3,33,-2.050000,1,-2.035948,0.066123
3,34,-2.050000,1,-2.041320,0.060760
3,35,-2.050000,0,-2.020470,0.072138
3,36,-2.040000,1,-2.026142,0.065050
3,37,-2.040000,1,-2.031282,0.059590
3,38,-2.040000,0,-2.011382,0.071426
3,39,-2.030000,1,-2.016865,0.064218
3,40,-2.030000,1,-2.021819,0.058677
4,1,-1.000000,1,-1.356632,1.241629
4,2,-1.220000,1,-1.664935,1.134353
4,3,-1.420000,1,-1.915658,1.008054
4,4,-1.610000,1,-2.116555,0.884966
4,5,-1.790000,1,-2.280174,0.775375
4,6,-1.970000,1,-2.418984,0.682096
4,7,-2.140000,0,-1.663884,0.658234
4,8,-1.960000,1,-1.775482,0.596063
4,9,-2.010000,1,-1.871939,0.537823
4,10,-2.040000,1,-1.955850,0.484282
4,11,-2.070000,1,-2.028252,0.440210
4,12,-2.090000,1,-2.091456,0.406449
4,13,-2.110000,1,-2.147610,0.384528
4,14,-2.120000,0,-1.944645,0.366398
4,15,-2.070000,1,-1.988493,0.313331
4,16,-2.080000,1,-2.023926,0.267016
4,17,-2.090000,1,-2.052492,0.228593
4,18,-2.100000,0,-1.969278,0.298960
4,19,-2.060000,1,-2.001121,0.250807
4,20,-2.070000,1,-2.026170,0.209868
4,21,-2.080000,0,-1.956980,0.288833
4,22,-2.050000,1,-1.986146,0.242566
4,23,-2.060000,1,-2.009079,0.203309
4,24,-2.060000,1,-2.027497,0.169643
4,25,-2.070000,1,-2.042204,0.142463
4,26,-2.080000,1,-2.054221,0.120876
4,27,-2.080000,0,-2.015359,0.166665
4,28,-2.060000,1,-2.029314,0.139931
4,29,-2.060000,0,-1.986021,0.196485
4,30,-2.040000,1,-2.002743,0.163995
4,31,-2.040000,1,-2.016193,0.136910
4,32,-2.050000,1,-2.027066,0.115548
4,33,-2.050000,1,-2.036136,0.098359
4,34,-2.060000,1,-2.043832,0.085219
4,35,-2.060000,1,-2.050527,0.074936
4,36,-2.070000,1,-2.056469,0.067248
4,37,-2.070000,1,-2.061823,0.061315
4,38,-2.080000,1,-2.066737,0.056895
4,39,-2.080000,1,-2.071278,0.053453
4,40,-2.080000,1,-2.075502,0.050748
5,1,-1.000000,1,-1.356632,1.241629
5,2,-1.220000,1,-1.664935,1.134353
5,3,-1.420000,1,-1.915658,1.008054
5,4,-1.610000,1,-2.116555,0.884966
5,5,-1.790000,1,-2.280174,0.775375
5,6,-1.970000,1,-2.418984,0.682096
5,7,-2.140000,1,-2.540505,0.603220
5,8,-2.300000,0,-1.885032,0.569382
5,9,-2.120000,1,-1.980328,0.512614
5,10,-2.170000,1,-2.062598,0.461241
5,11,-2.200000,0,-1.858184,0.521169
5,12,-2.110000,1,-1.933320,0.460908
5,13,-2.140000,1,-1.996068,0.403241
5,14,-2.150000,1,-2.049071,0.347028
5,15,-2.170000,0,-1.923929,0.440287
5,16,-2.110000,0,-1.775606,0.538870
5,17,-2.040000,1,-1.850191,0.474977
5,18,-2.060000,1,-1.912374,0.412237
5,19,-2.080000,1,-1.962526,0.353907
5,20,-2.090000,1,-2.003003,0.300128
5,21,-2.100000,1,-2.035091,0.252495
5,22,-2.110000,1,-2.060381,0.211666
5,23,-2.120000,1,-2.080414,0.177581
5,24,-2.130000,1,-2.096506,0.149728
5,25,-2.130000,1,-2.109776,0.126619
5,26,-2.140000,1,-2.120811,0.108503
5,27,-2.150000,1,-2.130228,0.094493
5,28,-2.150000,1,-2.138450,0.083417
5,29,-2.160000,1,-2.145762,0.075090
5,30,-2.160000,1,-2.152356,0.068643
5,31,-2.170000,1,-2.158419,0.063858
5,32,-2.170000,0,-2.135310,0.072859
5,33,-2.150000,0,-2.110373,0.090682
5,34,-2.130000,1,-2.117747,0.079521
5,35,-2.140000,0,-2.092895,0.101918
5,36,-2.120000,1,-2.100971,0.088127
5,37,-2.120000,1,-2.107961,0.077254
5,38,-2.130000,0,-2.084401,0.099226
5,39,-2.110000,1,-2.092101,0.085761
5,40,-2.110000,1,-2.098762,0.075177
6,1,-1.000000,1,-1.356632,1.241629
6,2,-1.220000,1,-1.664935,1.134353
6,3,-1.420000,1,-1.915658,1.008054
6,4,-1.610000,1,-2.116555,0.884966
6,5,-1.790000,1,-2.280174,0.775375
6,6,-1.970000,1,-2.418984,0.682096
6,7,-2.140000,1,-2.540505,0.603220
6,8,-2.300000,0,-1.885032,0.569382
6,9,-2.120000,0,-1.647398,0.631068
6,10,-1.970000,1,-1.747465,0.563895
6,11,-2.020000,1,-1.830613,0.498891
6,12,-2.050000,1,-1.900254,0.435726
6,13,-2.070000,1,-1.958026,0.375691
6,14,-2.090000,1,-2.004905,0.321528
6,15,-2.100000,1,-2.043114,0.273156
6,16,-2.120000,1,-2.073769,0.233313
6,17,-2.130000,1,-2.098992,0.200616
6,18,-2.140000,0,-2.022713,0.259946
6,19,-2.100000,1,-2.049744,0.218656
6,20,-2.110000,1,-2.071392,0.184043
6,21,-2.120000,1,-2.088949,0.155723
6,22,-2.130000,1,-2.103459,0.133049
6,23,-2.130000,1,-2.115739,0.114643
6,24,-2.140000,1,-2.126287,0.100612
6,25,-2.150000,1,-2.135572,0.090155
6,26,-2.150000,0,-2.101794,0.110706
6,27,-2.130000,1,-2.111481,0.096229
6,28,-2.130000,0,-2.077890,0.126941
6,29,-2.110000,1,-2.088618,0.108426
6,30,-2.110000,1,-2.097733,0.093582
6,31,-2.120000,1,-2.105610,0.082273
6,32,-2.120000,1,-2.112552,0.073439
6,33,-2.130000,1,-2.118793,0.066828
6,34,-2.130000,0,-2.095257,0.080711
6,35,-2.110000,1,-2.101864,0.071863
6,36,-2.120000,1,-2.107788,0.065245
6,37,-2.120000,0,-2.085668,0.079338
6,38,-2.100000,1,-2.091999,0.070503
6,39,-2.110000,0,-2.069705,0.088530
6,40,-2.090000,1,-2.076600,0.077417
7,1,-1.000000,1,-1.356632,1.241629
7,2,-1.220000,1,-1.664935,1.134353
7,3,-1.420000,1,-1.915658,1.008054
7,4,-1.610000,1,-2.116555,0.884966
7,5,-1.790000,1,-2.280174,0.775375
7,6,-1.970000,0,-1.403571,0.754751
7,7,-1.780000,1,-1.538833,0.689456
7,8,-1.830000,1,-1.655753,0.623962
7,9,-1.870000,1,-1.755874,0.563714
7,10,-1.890000,1,-1.842199,0.509757
7,11,-1.920000,1,-1.916352,0.469650
7,12,-1.930000,1,-1.980952,0.440520
7,13,-1.950000,1,-2.038938,0.425100
7,14,-1.960000,1,-2.091709,0.419300
7,15,-1.980000,0,-1.853338,0.307420
7,16,-1.930000,1,-1.886014,0.261760
7,17,-1.940000,1,-1.912276,0.225574
7,18,-1.950000,1,-1.933842,0.198895
7,19,-1.960000,1,-1.952123,0.181262
7,20,-1.970000,1,-1.968232,0.171814
7,21,-1.980000,1,-1.983035,0.169407
7,22,-1.990000,1,-1.997227,0.172812
7,23,-1.990000,1,-2.010917,0.179730
7,24,-2.000000,1,-2.024904,0.190368
7,25,-2.010000,1,-2.039674,0.204118
7,26,-2.010000,1,-2.054908,0.219132
7,27,-2.020000,1,-2.071653,0.236463
7,28,-2.020000,0,-1.988634,0.079939
7,29,-2.000000,1,-1.995275,0.078498
7,30,-2.010000,1,-2.001638,0.078785
7,31,-2.010000,0,-1.976381,0.066843
7,32,-1.990000,1,-1.982175,0.062445
7,33,-1.990000,1,-1.987535,0.059075
7,34,-2.000000,0,-1.966894,0.064261
7,35,-1.980000,0,-1.944839,0.076218
7,36,-1.960000,1,-1.950991,0.068419
7,37,-1.970000,1,-1.956576,0.062608
7,38,-1.970000,1,-1.961693,0.058107
7,39,-1.970000,1,-1.966415,0.054608
7,40,-1.980000,1,-1.970854,0.051942
8,1,-1.000000,1,-1.356632,1.241629
8,2,-1.220000,1,-1.664935,1.134353
8,3,-1.420000,1,-1.915658,1.008054
8,4,-1.610000,1,-2.116555,0.884966
8,5,-1.790000,1,-2.280174,0.775375
8,6,-1.970000,1,-2.418984,0.682096
8,7,-2.140000,1,-2.540505,0.603220
8,8,-2.300000,0,-1.885032,0.569382
8,9,-2.120000,0,-1.647398,0.631068
8,10,-1.970000,1,-1.747465,0.563895
8,11,-2.020000,1,-1.830613,0.498891
8,12,-2.050000,1,-1.900254,0.435726
8,13,-2.070000,1,-1.958026,0.375691
8,14,-2.090000,1,-2.004905,0.321528
8,15,-2.100000,0,-1.883407,0.418868
8,16,-2.050000,1,-1.935058,0.359256
8,17,-2.060000,1,-1.976830,0.304303
8,18,-2.070000,1,-2.010025,0.255693
8,19,-2.080000,0,-1.921779,0.347749
8,20,-2.040000,1,-1.960476,0.293292
8,21,-2.050000,0,-1.863970,0.394061
8,22,-2.010000,1,-1.909362,0.334440
8,23,-2.020000,1,-1.945067,0.281079
8,24,-2.030000,0,-1.856304,0.380289
8,25,-1.990000,1,-1.898921,0.320898
8,26,-2.000000,1,-1.932039,0.268501
8,27,-2.010000,1,-1.957621,0.223756
8,28,-2.020000,0,-1.890948,0.309164
8,29,-1.990000,0,-1.796795,0.414451
8,30,-1.960000,1,-1.843124,0.353258
8,31,-1.960000,1,-1.880306,0.296195
8,32,-1.970000,1,-1.908853,0.246890
8,33,-1.980000,1,-1.930787,0.205451
8,34,-1.980000,1,-1.948068,0.170191
8,35,-1.990000,1,-1.961615,0.141882
8,36,-2.000000,1,-1.972512,0.119472
8,37,-2.000000,1,-1.981580,0.101349
8,38,-2.010000,1,-1.989237,0.087432
8,39,-2.010000,1,-1.995887,0.076484
8,40,-2.010000,1,-2.001749,0.068007
9,1,-1.000000,1,-1.356632,1.241629
9,2,-1.220000,1,-1.664935,1.134353
9,3,-1.420000,1,-1.915658,1.008054
9,4,-1.610000,1,-2.116555,0.884966
9,5,-1.790000,1,-2.280174,0.775375
9,6,-1.970000,0,-1.403571,0.754751
9,7,-1.780000,1,-1.538833,0.689456
9,8,-1.830000,1,-1.655753,0.623962
9,9,-1.870000,1,-1.755874,0.563714
9,10,-1.890000,1,-1.842199,0.509757
9,11,-1.920000,1,-1.916352,0.469650
9,12,-1.930000,1,-1.980952,0.440520
9,13,-1.950000,1,-2.038938,0.425100
9,14,-1.960000,1,-2.091709,0.419300
9,15,-1.980000,1,-2.142874,0.422433
9,16,-1.990000,1,-2.192215,0.429567
9,17,-2.000000,1,-2.240435,0.438406
9,18,-2.010000,1,-2.287907,0.447206
9,19,-2.020000,1,-2.334706,0.454746
9,20,-2.030000,1,-2.380674,0.460249
9,21,-2.040000,1,-2.425483,0.463295
9,22,-2.050000,0,-2.020801,0.171539
9,23,-2.020000,1,-2.035420,0.178152
9,24,-2.020000,1,-2.049730,0.187232
9,25,-2.030000,1,-2.064554,0.199229
9,26,-2.040000,1,-2.080332,0.213723
9,27,-2.040000,0,-2.004593,0.085242
9,28,-2.020000,1,-2.012201,0.081691
9,29,-2.020000,1,-2.019269,0.079811
9,30,-2.030000,1,-2.026010,0.079614
9,31,-2.030000,1,-2.032413,0.080520
9,32,-2.040000,1,-2.038681,0.082731
9,33,-2.040000,1,-2.044755,0.085761
9,34,-2.050000,1,-2.050853,0.089997
9,35,-2.050000,1,-2.056885,0.094949
9,36,-2.060000,1,-2.063105,0.101172
9,37,-2.060000,1,-2.069395,0.108099
9,38,-2.070000,0,-2.041366,0.053271
9,39,-2.050000,0,-2.023200,0.051792
9,40,-2.030000,1,-2.027507,0.050233
10,1,-1.000000,1,-1.356632,1.241629
10,2,-1.220000,1,-1.664935,1.134353
10,3,-1.420000,1,-1.915658,1.008054
10,4,-1.610000,1,-2.116555,0.884966
10,5,-1.790000,1,-2.280174,0.775375
10,6,-1.970000,1,-2.418984,0.682096
10,7,-2.140000,1,-2.540505,0.603220
10,8,-2.300000,0,-1.885032,0.569382
10,9,-2.120000,0,-1.647398,0.631068
10,10,-1.970000,1,-1.747465,0.563895
10,11,-2.020000,1,-1.830613,0.498891
10,12,-2.050000,1,-1.900254,0.435726
10,13,-2.070000,1,-1.958026,0.375691
10,14,-2.090000,1,-2.004905,0.321528
10,15,-2.100000,1,-2.043114,0.273156
10,16,-2.120000,1,-2.073769,0.233313
10,17,-2.130000,1,-2.098992,0.200616
10,18,-2.140000,1,-2.120054,0.175076
10,19,-2.150000,1,-2.138046,0.156335
10,20,-2.160000,0,-2.077101,0.185179
10,21,-2.120000,0,-2.011923,0.254668
10,22,-2.090000,1,-2.037340,0.213883
10,23,-2.100000,0,-1.970368,0.290512
10,24,-2.060000,0,-1.875916,0.390221
10,25,-2.020000,1,-1.920795,0.331026
10,26,-2.030000,1,-1.956054,0.278110
10,27,-2.040000,1,-1.983481,0.232427
10,28,-2.050000,0,-1.912632,0.318949
10,29,-2.020000,1,-1.945163,0.268100
10,30,-2.030000,1,-1.970476,0.224462
10,31,-2.030000,1,-1.990566,0.186653
10,32,-2.040000,1,-2.006313,0.155844
10,33,-2.050000,0,-1.962342,0.215695
10,34,-2.020000,1,-1.981036,0.179345
10,35,-2.030000,0,-1.930323,0.249836
10,36,-2.000000,1,-1.952886,0.207534
10,37,-2.010000,0,-1.893703,0.288913
10,38,-1.980000,0,-1.805817,0.394166
10,39,-1.950000,1,-1.848929,0.333219
10,40,-1.960000,1,-1.882249,0.279342
11,1,-1.000000,1,-1.356632,1.241629
11,2,-1.220000,1,-1.664935,1.134353
11,3,-1.420000,1,-1.915658,1.008054
11,4,-1.610000,1,-2.116555,0.884966
11,5,-1.790000,1,-2.280174,0.775375
11,6,-1.970000,0,-1.403571,0.754751
11,7,-1.780000,1,-1.538833,0.689456
11,8,-1.830000,1,-1.655753,0.623962
11,9,-1.870000,1,-1.755874,0.563714
11,10,-1.890000,0,-1.494378,0.634251
11,11,-1.810000,1,-1.588443,0.559846
11,12,-1.830000,1,-1.666227,0.485285
11,13,-1.850000,1,-1.728291,0.415594
11,14,-1.870000,1,-1.776905,0.354146
11,15,-1.880000,1,-1.815525,0.300687
11,16,-1.890000,1,-1.846212,0.256562
11,17,-1.900000,1,-1.870956,0.222265
11,18,-1.910000,1,-1.891459,0.197700
11,19,-1.920000,1,-1.909088,0.182316
11,20,-1.920000,1,-1.924665,0.174036
11,21,-1.930000,1,-1.939078,0.172829
11,22,-1.940000,1,-1.953022,0.177329
11,23,-1.940000,1,-1.966552,0.185143
11,24,-1.950000,1,-1.980501,0.196509
11,25,-1.960000,1,-1.995343,0.210842
11,26,-1.960000,1,-2.010691,0.226277
11,27,-1.970000,1,-2.027620,0.243918
11,28,-1.970000,1,-2.045448,0.261930
11,29,-1.980000,1,-2.065516,0.281680
11,30,-1.980000,1,-2.086781,0.301194
11,31,-1.990000,1,-2.110879,0.321927
11,32,-1.990000,1,-2.136306,0.341745
11,33,-2.000000,1,-2.164988,0.362056
11,34,-2.000000,1,-2.194843,0.380670
11,35,-2.010000,1,-2.228029,0.398851
11,36,-2.010000,1,-2.261834,0.414558
11,37,-2.010000,1,-2.295704,0.427666
11,38,-2.020000,0,-2.012280,0.119889
11,39,-2.000000,0,-1.980036,0.053093
11,40,-1.990000,1,-1.984238,0.053082
12,1,-1.000000,1,-1.356632,1.241629
12,2,-1.220000,1,-1.664935,1.134353
12,3,-1.420000,1,-1.915658,1.008054
12,4,-1.610000,1,-2.116555,0.884966
12,5,-1.790000,1,-2.280174,0.775375
12,6,-1.970000,0,-1.403571,0.754751
12,7,-1.780000,1,-1.538833,0.689456
12,8,-1.830000,1,-1.655753,0.623962
12,9,-1.870000,1,-1.755874,0.563714
12,10,-1.890000,1,-1.842199,0.509757
12,11,-1.920000,1,-1.916352,0.469650
12,12,-1.930000,1,-1.980952,0.440520
12,13,-1.950000,0,-1.750416,0.424981
12,14,-1.900000,1,-1.801413,0.363116
12,15,-1.910000,1,-1.842169,0.308560
12,16,-1.920000,1,-1.874592,0.262928
12,17,-1.930000,1,-1.900643,0.226918
12,18,-1.940000,1,-1.922063,0.200566
12,19,-1.950000,1,-1.940275,0.183412
12,20,-1.960000,1,-1.956400,0.174592
12,21,-1.970000,1,-1.971317,0.172952
12,22,-1.970000,1,-1.985334,0.176070
12,23,-1.980000,1,-1.999259,0.183898
12,24,-1.990000,1,-2.013626,0.195528
12,25,-1.990000,1,-2.028228,0.208942
12,26,-2.000000,1,-2.044043,0.224991
12,27,-2.000000,1,-2.060576,0.241834
12,28,-2.010000,1,-2.079043,0.260720
12,29,-2.010000,0,-1.982737,0.079140
12,30,-1.990000,1,-1.988980,0.079371
12,31,-2.000000,1,-1.995057,0.081136
12,32,-2.000000,1,-2.000934,0.083889
12,33,-2.010000,1,-2.006814,0.087970
12,34,-2.010000,1,-2.012631,0.092870
12,35,-2.010000,1,-2.018425,0.098507
12,36,-2.020000,1,-2.024460,0.105490
12,37,-2.020000,1,-2.030616,0.113209
12,38,-2.030000,1,-2.037232,0.122459
12,39,-2.030000,0,-2.006940,0.051690
12,40,-2.010000,1,-2.010846,0.051520
13,1,-1.000000,1,-1.356632,1.241629
13,2,-1.220000,1,-1.664935,1.134353
13,3,-1.420000,1,-1.915658,1.008054
13,4,-1.610000,1,-2.116555,0.884966
13,5,-1.790000,1,-2.280174,0.775375
13,6,-1.970000,1,-2.418984,0.682096
13,7,-2.140000,0,-1.663884,0.658234
13,8,-1.960000,1,-1.775482,0.596063
13,9,-2.010000,1,-1.871939,0.537823
13,10,-2.040000,1,-1.955850,0.484282
13,11,-2.070000,1,-2.028252,0.440210
13,12,-2.090000,0,-1.820079,0.481081
13,13,-2.020000,1,-1.884595,0.416714
13,14,-2.040000,0,-1.739553,0.521870
13,15,-1.980000,1,-1.809016,0.455333
13,16,-2.000000,0,-1.664077,0.561569
13,17,-1.940000,1,-1.739581,0.493918
13,18,-1.950000,1,-1.802993,0.425895
13,19,-1.970000,1,-1.853059,0.363594
13,20,-1.980000,1,-1.892805,0.306919
13,21,-1.990000,1,-1.923921,0.257266
13,22,-2.000000,1,-1.948233,0.215053
13,23,-2.000000,0,-1.879197,0.301558
13,24,-1.970000,1,-1.909068,0.251607
13,25,-1.980000,1,-1.932150,0.209484
13,26,-1.990000,1,-1.950174,0.174757
13,27,-1.990000,1,-1.964659,0.145685
13,28,-2.000000,1,-1.976348,0.122680
13,29,-2.000000,1,-1.986083,0.104123
13,30,-2.010000,1,-1.994331,0.089919
13,31,-2.010000,1,-2.001496,0.078803
13,32,-2.020000,1,-2.007855,0.070507
13,33,-2.020000,1,-2.013582,0.064129
13,34,-2.030000,0,-1.992709,0.076686
13,35,-2.010000,1,-1.998722,0.068504
13,36,-2.010000,1,-2.004128,0.062224
13,37,-2.020000,1,-2.009088,0.057575
13,38,-2.020000,1,-2.013668,0.053983
13,39,-2.030000,1,-2.017970,0.051271
13,40,-2.030000,0,-2.001431,0.056372
14,1,-1.000000,1,-1.356632,1.241629
14,2,-1.220000,1,-1.664935,1.134353
14,3,-1.420000,1,-1.915658,1.008054
14,4,-1.610000,1,-2.116555,0.884966
14,5,-1.790000,1,-2.280174,0.775375
14,6,-1.970000,1,-2.418984,0.682096
14,7,-2.140000,1,-2.540505,0.603220
14,8,-2.300000,0,-1.885032,0.569382
14,9,-2.120000,0,-1.647398,0.631068
14,10,-1.970000,1,-1.747465,0.563895
14,11,-2.020000,0,-1.553485,0.652221
14,12,-1.910000,1,-1.652084,0.585381
14,13,-1.940000,1,-1.736197,0.516455
14,14,-1.960000,1,-1.806563,0.447677
14,15,-1.980000,1,-1.863377,0.383044
14,16,-2.000000,1,-1.908292,0.325208
14,17,-2.010000,1,-1.944145,0.273641
14,18,-2.020000,1,-1.972580,0.229260
14,19,-2.030000,1,-1.995244,0.192173
14,20,-2.040000,0,-1.929239,0.264391
14,21,-2.000000,1,-1.955336,0.220238
14,22,-2.010000,1,-1.975820,0.183621
14,23,-2.020000,1,-1.992164,0.153898
14,24,-2.030000,0,-1.943825,0.212387
14,25,-2.000000,0,-1.879059,0.294765
14,26,-1.970000,0,-1.789160,0.398143
14,27,-1.930000,1,-1.833644,0.335788
14,28,-1.940000,0,-1.727467,0.450292
14,29,-1.910000,1,-1.779545,0.385017
14,30,-1.920000,1,-1.820529,0.325456
14,31,-1.920000,1,-1.852948,0.271235
14,32,-1.930000,1,-1.877693,0.225279
14,33,-1.940000,1,-1.896731,0.187236
14,34,-1.940000,1,-1.911815,0.155260
14,35,-1.950000,1,-1.923779,0.129850
14,36,-1.950000,1,-1.933601,0.109252
14,37,-1.960000,1,-1.941790,0.093402
14,38,-1.960000,1,-1.948823,0.080929
14,39,-1.970000,1,-1.954987,0.071578
14,40,-1.970000,1,-1.960495,0.064368
15,1,-1.000000,1,-1.356632,1.241629
15,2,-1.220000,1,-1.664935,1.134353
15,3,-1.420000,1,-1.915658,1.008054
15,4,-1.610000,1,-2.116555,0.884966
15,5,-1.790000,1,-2.280174,0.775375
15,6,-1.970000,1,-2.418984,0.682096
15,7,-2.140000,0,-1.663884,0.658234
15,8,-1.960000,1,-1.775482,0.596063
15,9,-2.010000,1,-1.871939,0.537823
15,10,-2.040000,0,-1.639215,0.606086
15,11,-1.950000,1,-1.727861,0.539240
15,12,-1.970000,0,-1.540796,0.642028
15,13,-1.890000,1,-1.634259,0.574312
15,14,-1.910000,1,-1.714240,0.503760
15,15,-1.930000,1,-1.779755,0.435048
15,16,-1.940000,1,-1.832892,0.369500
15,17,-1.960000,1,-1.874046,0.312015
15,18,-1.970000,1,-1.906423,0.261597
15,19,-1.980000,1,-1.931854,0.218760
15,20,-1.990000,1,-1.952016,0.183306
15,21,-1.990000,1,-1.968400,0.153648
15,22,-2.000000,1,-1.981802,0.130337
15,23,-2.010000,1,-1.993080,0.112414
15,24,-2.010000,0,-1.953604,0.150421
15,25,-1.990000,1,-1.966063,0.126888
15,26,-1.990000,1,-1.976477,0.107878
15,27,-2.000000,0,-1.942290,0.146508
15,28,-1.980000,1,-1.953968,0.123479
15,29,-1.980000,1,-1.963718,0.104861
15,30,-1.990000,1,-1.971990,0.090581
15,31,-1.990000,1,-1.979190,0.079375
15,32,-2.000000,1,-1.985582,0.070994
15,33,-2.000000,1,-1.991346,0.064536
15,34,-2.010000,1,-1.996643,0.059747
15,35,-2.010000,1,-2.001541,0.056040
15,36,-2.010000,1,-2.006101,0.053151
15,37,-2.020000,1,-2.010425,0.050944
15,38,-2.020000,1,-2.014510,0.049153
15,39,-2.020000,1,-2.018381,0.047669
15,40,-2.030000,1,-2.022117,0.046461
16,1,-1.000000,1,-1.356632,1.241629
16,2,-1.220000,1,-1.664935,1.134353
16,3,-1.420000,1,-1.915658,1.008054
16,4,-1.610000,1,-2.116555,0.884966
16,5,-1.790000,1,-2.280174,0.775375
16,6,-1.970000,1,-2.418984,0.682096
16,7,-2.140000,1,-2.540505,0.603220
16,8,-2.300000,1,-2.649285,0.536026
16,9,-2.460000,1,-2.749366,0.478432
16,10,-2.610000,0,-2.260834,0.430817
16,11,-2.440000,0,-2.071163,0.470955
16,12,-2.290000,0,-1.887624,0.536976
16,13,-2.150000,1,-1.970971,0.477900
16,14,-2.190000,1,-2.041524,0.420497
16,15,-2.220000,1,-2.100448,0.365945
16,16,-2.240000,1,-2.149290,0.314904
16,17,-2.260000,1,-2.189028,0.269271
16,18,-2.270000,0,-2.083511,0.351621
16,19,-2.220000,1,-2.127227,0.301390
16,20,-2.230000,1,-2.162766,0.255715
16,21,-2.240000,0,-2.069883,0.339864
16,22,-2.200000,1,-2.110131,0.290169
16,23,-2.210000,1,-2.142494,0.245624
16,24,-2.220000,1,-2.168280,0.207047
16,25,-2.230000,1,-2.188863,0.174562
16,26,-2.240000,0,-2.132194,0.236084
16,27,-2.210000,0,-2.058073,0.314563
16,28,-2.170000,1,-2.092872,0.266211
16,29,-2.180000,0,-2.007485,0.354374
16,30,-2.140000,1,-2.048288,0.301119
16,31,-2.150000,0,-1.950595,0.397183
16,32,-2.110000,1,-1.998050,0.339922
16,33,-2.120000,1,-2.035913,0.287591
16,34,-2.130000,1,-2.065620,0.241578
16,35,-2.140000,1,-2.088819,0.202351
16,36,-2.150000,1,-2.107044,0.169709
16,37,-2.150000,1,-2.121737,0.142150
16,38,-2.160000,1,-2.133575,0.120177
16,39,-2.160000,1,-2.143406,0.102317
16,40,-2.170000,0,-2.112259,0.138348
17,1,-1.000000,1,-1.356632,1.241629
17,2,-1.220000,1,-1.664935,1.134353
17,3,-1.420000,1,-1.915658,1.008054
17,4,-1.610000,1,-2.116555,0.884966
17,5,-1.790000,1,-2.280174,0.775375
17,6,-1.970000,1,-2.418984,0.682096
17,7,-2.140000,1,-2.540505,0.603220
17,8,-2.300000,1,-2.649285,0.536026
17,9,-2.460000,0,-2.084610,0.491536
17,10,-2.280000,1,-2.167687,0.442080
17,11,-2.330000,0,-1.975845,0.493705
17,12,-2.220000,1,-2.049774,0.439391
17,13,-2.250000,0,-1.893812,0.516947
17,14,-2.150000,0,-1.720246,0.595776
17,15,-2.030000,1,-1.810287,0.532325
17,16,-2.070000,1,-1.885843,0.470120
17,17,-2.090000,1,-1.949747,0.408417
17,18,-2.110000,1,-2.001971,0.350519
17,19,-2.130000,1,-2.043759,0.298661
17,20,-2.140000,0,-1.939310,0.392282
17,21,-2.090000,0,-1.807979,0.495312
17,22,-2.040000,0,-1.656687,0.591259
17,23,-1.970000,1,-1.738396,0.526731
17,24,-1.990000,1,-1.807640,0.461556
17,25,-2.000000,1,-1.865491,0.397094
17,26,-2.020000,1,-1.911116,0.338785
17,27,-2.030000,1,-1.947418,0.286189
17,28,-2.040000,1,-1.975984,0.240372
17,29,-2.040000,1,-1.998800,0.200221
17,30,-2.050000,1,-2.016739,0.167215
17,31,-2.060000,1,-2.031109,0.140591
17,32,-2.060000,0,-1.985727,0.197141
17,33,-2.040000,1,-2.002766,0.164765
17,34,-2.040000,1,-2.016529,0.137756
17,35,-2.050000,1,-2.027704,0.116447
17,36,-2.060000,0,-1.993763,0.158617
17,37,-2.030000,1,-2.006617,0.132608
17,38,-2.040000,1,-2.017062,0.112154
17,39,-2.040000,1,-2.025820,0.095735
17,40,-2.050000,1,-2.033291,0.083210
18,1,-1.000000,1,-1.356632,1.241629
18,2,-1.220000,1,-1.664935,1.134353
18,3,-1.420000,1,-1.915658,1.008054
18,4,-1.610000,1,-2.116555,0.884966
18,5,-1.790000,1,-2.280174,0.775375
18,6,-1.970000,1,-2.418984,0.682096
18,7,-2.140000,0,-1.663884,0.658234
18,8,-1.960000,1,-1.775482,0.596063
18,9,-2.010000,1,-1.871939,0.537823
18,10,-2.040000,1,-1.955850,0.484282
18,11,-2.070000,1,-2.028252,0.440210
18,12,-2.090000,1,-2.091456,0.406449
18,13,-2.110000,1,-2.147610,0.384528
18,14,-2.120000,0,-1.944645,0.366398
18,15,-2.070000,1,-1.988493,0.313331
18,16,-2.080000,1,-2.023926,0.267016
18,17,-2.090000,1,-2.052492,0.228593
18,18,-2.100000,1,-2.075770,0.198472
18,19,-2.110000,0,-2.003839,0.251658
18,20,-2.080000,1,-2.028839,0.211566
18,21,-2.090000,1,-2.048807,0.178198
18,22,-2.090000,0,-1.989316,0.246663
18,23,-2.060000,1,-2.013045,0.206137
18,24,-2.070000,1,-2.031760,0.172570
18,25,-2.080000,0,-1.980026,0.237096
18,26,-2.050000,1,-2.001905,0.198176
18,27,-2.050000,0,-1.939437,0.278194
18,28,-2.020000,0,-1.851030,0.380306
18,29,-1.990000,1,-1.892786,0.321806
18,30,-2.000000,1,-1.925308,0.270106
18,31,-2.010000,1,-1.950484,0.225824
18,32,-2.010000,1,-1.970380,0.187518
18,33,-2.020000,0,-1.916362,0.262116
18,34,-1.990000,1,-1.940480,0.217712
18,35,-2.000000,1,-1.959052,0.180995
18,36,-2.010000,0,-1.909429,0.251731
18,37,-1.980000,1,-1.931885,0.209005
18,38,-1.990000,0,-1.873476,0.290978
18,39,-1.960000,1,-1.900880,0.242039
18,40,-1.970000,0,-1.831939,0.334855
19,1,-1.000000,1,-1.356632,1.241629
19,2,-1.220000,1,-1.664935,1.134353
19,3,-1.420000,1,-1.915658,1.008054
19,4,-1.610000,1,-2.116555,0.884966
19,5,-1.790000,1,-2.280174,0.775375
19,6,-1.970000,1,-2.418984,0.682096
19,7,-2.140000,0,-1.663884,0.658234
19,8,-1.960000,1,-1.775482,0.596063
19,9,-2.010000,1,-1.871939,0.537823
19,10,-2.040000,1,-1.955850,0.484282
19,11,-2.070000,1,-2.028252,0.440210
19,12,-2.090000,1,-2.091456,0.406449
19,13,-2.110000,0,-1.891203,0.419149
19,14,-2.050000,1,-1.944079,0.360238
19,15,-2.060000,1,-1.987052,0.306620
19,16,-2.080000,1,-2.021072,0.261887
19,17,-2.090000,0,-1.929847,0.342483
19,18,-2.050000,1,-1.967731,0.289903
19,19,-2.060000,1,-1.997769,0.243883
19,20,-2.070000,1,-2.021559,0.204819
19,21,-2.070000,1,-2.040764,0.171395
19,22,-2.080000,1,-2.056209,0.144562
19,23,-2.090000,1,-2.068927,0.123489
19,24,-2.100000,0,-2.029343,0.164333
19,25,-2.070000,0,-1.978270,0.228514
19,26,-2.040000,1,-1.999141,0.190316
19,27,-2.050000,1,-2.015552,0.159079
19,28,-2.060000,1,-2.028718,0.133969
19,29,-2.060000,1,-2.039614,0.113391
19,30,-2.070000,1,-2.048733,0.097412
19,31,-2.070000,0,-2.018100,0.131656
19,32,-2.050000,1,-2.028514,0.111338
19,33,-2.060000,1,-2.037214,0.095567
19,34,-2.060000,0,-2.008396,0.129255
19,35,-2.040000,0,-1.971352,0.180776
19,36,-2.020000,1,-1.985909,0.150732
19,37,-2.020000,0,-1.942212,0.214181
19,38,-2.000000,1,-1.960183,0.177841
19,39,-2.010000,1,-1.974208,0.148414
19,40,-2.010000,1,-1.985532,0.124109
20,1,-1.000000,1,-1.356632,1.241629
20,2,-1.220000,1,-1.664935,1.134353
20,3,-1.420000,1,-1.915658,1.008054
20,4,-1.610000,1,-2.116555,0.884966
20,5,-1.790000,1,-2.280174,0.775375
20,6,-1.970000,1,-2.418984,0.682096
20,7,-2.140000,0,-1.663884,0.658234
20,8,-1.960000,1,-1.775482,0.596063
20,9,-2.010000,1,-1.871939,0.537823
20,10,-2.040000,1,-1.955850,0.484282
20,11,-2.070000,1,-2.028252,0.440210
20,12,-2.090000,1,-2.091456,0.406449
20,13,-2.110000,0,-1.891203,0.419149
20,14,-2.050000,0,-1.745772,0.522617
20,15,-1.990000,0,-1.580417,0.622231
20,16,-1.910000,0,-1.385358,0.711818
20,17,-1.810000,1,-1.494546,0.645976
20,18,-1.840000,1,-1.588635,0.575327
20,19,-1.860000,1,-1.667893,0.502652
20,20,-1.880000,1,-1.731944,0.432750
20,21,-1.890000,0,-1.585528,0.555400
20,22,-1.840000,1,-1.658998,0.482613
20,23,-1.850000,1,-1.718676,0.411770
20,24,-1.860000,1,-1.765561,0.346451
20,25,-1.870000,1,-1.801685,0.288794
20,26,-1.880000,1,-1.829356,0.239606
20,27,-1.890000,1,-1.850690,0.198738
20,28,-1.900000,1,-1.867407,0.165481
20,29,-1.900000,1,-1.880914,0.137990
20,30,-1.910000,1,-1.891945,0.116486
20,31,-1.920000,1,-1.901226,0.099884
20,32,-1.920000,1,-1.909249,0.086792
20,33,-1.930000,1,-1.916330,0.076978
20,34,-1.930000,1,-1.922682,0.069420
20,35,-1.940000,1,-1.928501,0.063843
20,36,-1.940000,1,-1.933867,0.059562
20,37,-1.950000,1,-1.938908,0.056377
20,38,-1.950000,1,-1.943643,0.053874
20,39,-1.950000,1,-1.948109,0.051876
20,40,-1.960000,1,-1.952402,0.050313
21,1,-1.000000,1,-1.356632,1.241629
21,2,-1.220000,1,-1.664935,1.134353
21,3,-1.420000,1,-1.915658,1.008054
21,4,-1.610000,1,-2.116555,0.884966
21,5,-1.790000,1,-2.280174,0.775375
21,6,-1.970000,0,-1.403571,0.754751
21,7,-1.780000,1,-1.538833,0.689456
21,8,-1.830000,1,-1.655753,0.623962
21,9,-1.870000,1,-1.755874,0.563714
21,10,-1.890000,1,-1.842199,0.509757
21,11,-1.920000,1,-1.916352,0.469650
21,12,-1.930000,1,-1.980952,0.440520
21,13,-1.950000,0,-1.750416,0.424981
21,14,-1.900000,1,-1.801413,0.363116
21,15,-1.910000,0,-1.674655,0.473907
21,16,-1.860000,1,-1.733166,0.404301
21,17,-1.870000,1,-1.779325,0.340287
21,18,-1.880000,1,-1.815088,0.283907
21,19,-1.890000,1,-1.842674,0.235940
21,20,-1.900000,1,-1.864117,0.196259
21,21,-1.910000,1,-1.881081,0.164204
21,22,-1.920000,1,-1.894834,0.138876
21,23,-1.920000,1,-1.906324,0.118630
21,24,-1.930000,1,-1.916105,0.103539
21,25,-1.940000,1,-1.924680,0.092700
21,26,-1.940000,1,-1.932347,0.084950
21,27,-1.950000,1,-1.939375,0.080138
21,28,-1.950000,1,-1.945875,0.077370
21,29,-1.960000,1,-1.952049,0.076584
21,30,-1.960000,1,-1.957915,0.077121
21,31,-1.960000,1,-1.963529,0.078732
21,32,-1.970000,0,-1.940227,0.059731
21,33,-1.950000,1,-1.945208,0.056752
21,34,-1.960000,1,-1.949934,0.054591
21,35,-1.960000,1,-1.954403,0.052946
21,36,-1.960000,1,-1.958643,0.051701
21,37,-1.970000,1,-1.962745,0.050862
21,38,-1.970000,1,-1.966676,0.050287
21,39,-1.970000,1,-1.970451,0.049944
21,40,-1.980000,0,-1.955060,0.047008
22,1,-1.000000,1,-1.356632,1.241629
22,2,-1.220000,1,-1.664935,1.134353
22,3,-1.420000,1,-1.915658,1.008054
22,4,-1.610000,1,-2.116555,0.884966
22,5,-1.790000,1,-2.280174,0.775375
22,6,-1.970000,0,-1.403571,0.754751
22,7,-1.780000,1,-1.538833,0.689456
22,8,-1.830000,1,-1.655753,0.623962
22,9,-1.870000,1,-1.755874,0.563714
22,10,-1.890000,1,-1.842199,0.509757
22,11,-1.920000,1,-1.916352,0.469650
22,12,-1.930000,1,-1.980952,0.440520
22,13,-1.950000,1,-2.038938,0.425100
22,14,-1.960000,1,-2.091709,0.419300
22,15,-1.980000,1,-2.142874,0.422433
22,16,-1.990000,1,-2.192215,0.429567
22,17,-2.000000,1,-2.240435,0.438406
22,18,-2.010000,0,-1.943531,0.203011
22,19,-1.970000,1,-1.962638,0.184635
22,20,-1.980000,1,-1.979425,0.174480
22,21,-1.990000,1,-1.994779,0.171416
22,22,-2.000000,1,-2.009411,0.174206
22,23,-2.010000,1,-2.023914,0.181721
22,24,-2.010000,0,-1.962631,0.110797
22,25,-1.990000,1,-1.972332,0.098824
22,26,-1.990000,1,-1.980958,0.090028
22,27,-2.000000,0,-1.950451,0.104002
22,28,-1.970000,1,-1.959230,0.090518
22,29,-1.980000,1,-1.966948,0.080356
22,30,-1.980000,1,-1.973839,0.072496
22,31,-1.990000,1,-1.980116,0.066687
22,32,-1.990000,1,-1.985869,0.062234
22,33,-2.000000,1,-1.991243,0.058955
22,34,-2.000000,1,-1.996261,0.056425
22,35,-2.010000,0,-1.977033,0.059623
22,36,-1.990000,1,-1.982049,0.056186
22,37,-1.990000,1,-1.986720,0.053462
22,38,-2.000000,1,-1.991149,0.051340
22,39,-2.000000,1,-1.995327,0.049584
22,40,-2.010000,1,-1.999332,0.048155
23,1,-1.000000,1,-1.356632,1.241629
23,2,-1.220000,1,-1.664935,1.134353
23,3,-1.420000,1,-1.915658,1.008054
23,4,-1.610000,1,-2.116555,0.884966
23,5,-1.790000,1,-2.280174,0.775375
23,6,-1.970000,1,-2.418984,0.682096
23,7,-2.140000,1,-2.540505,0.603220
23,8,-2.300000,0,-1.885032,0.569382
23,9,-2.120000,0,-1.647398,0.631068
23,10,-1.970000,0,-1.420661,0.711355
23,11,-1.820000,1,-1.537293,0.641530
23,12,-1.870000,1,-1.634363,0.570669
23,13,-1.900000,1,-1.715435,0.499526
23,14,-1.920000,1,-1.782179,0.430262
23,15,-1.940000,1,-1.835577,0.366501
23,16,-1.950000,1,-1.878363,0.308452
23,17,-1.970000,1,-1.911788,0.259378
23,18,-1.980000,0,-1.821380,0.352108
23,19,-1.930000,1,-1.860122,0.294859
23,20,-1.950000,1,-1.889809,0.247073
23,21,-1.950000,1,-1.913526,0.205381
23,22,-1.960000,1,-1.932256,0.171261
23,23,-1.970000,1,-1.947358,0.143892
23,24,-1.980000,0,-1.900923,0.198318
23,25,-1.950000,1,-1.918105,0.165390
23,26,-1.960000,1,-1.931922,0.138986
23,27,-1.960000,1,-1.943372,0.117431
23,28,-1.970000,1,-1.952997,0.100765
23,29,-1.970000,1,-1.961297,0.087611
23,30,-1.980000,0,-1.932441,0.114362
23,31,-1.960000,1,-1.941467,0.097983
23,32,-1.960000,1,-1.949239,0.085051
23,33,-1.970000,1,-1.956068,0.075332
23,34,-1.970000,1,-1.962172,0.067825
23,35,-1.980000,0,-1.940309,0.082738
23,36,-1.960000,1,-1.946761,0.073184
23,37,-1.960000,1,-1.952521,0.065820
23,38,-1.970000,1,-1.957768,0.060364
23,39,-1.970000,0,-1.937993,0.071885
23,40,-1.950000,1,-1.943508,0.064517
24,1,-1.000000,1,-1.356632,1.241629
24,2,-1.220000,1,-1.664935,1.134353
24,3,-1.420000,1,-1.915658,1.008054
24,4,-1.610000,1,-2.116555,0.884966
24,5,-1.790000,1,-2.280174,0.775375
24,6,-1.970000,1,-2.418984,0.682096
24,7,-2.140000,0,-1.663884,0.658234
24,8,-1.960000,1,-1.775482,0.596063
24,9,-2.010000,1,-1.871939,0.537823
24,10,-2.040000,1,-1.955850,0.484282
24,11,-2.070000,1,-2.028252,0.440210
24,12,-2.090000,1,-2.091456,0.406449
24,13,-2.110000,1,-2.147610,0.384528
24,14,-2.120000,1,-2.198052,0.372107
24,15,-2.140000,0,-1.996954,0.310389
24,16,-2.090000,1,-2.032084,0.264934
24,17,-2.100000,0,-1.936766,0.347443
24,18,-2.060000,1,-1.975822,0.294511
24,19,-2.070000,1,-2.006877,0.247949
24,20,-2.080000,1,-2.031500,0.208269
24,21,-2.090000,1,-2.051169,0.175339
24,22,-2.090000,1,-2.067244,0.147723
24,23,-2.100000,1,-2.080437,0.125980
24,24,-2.110000,0,-2.038940,0.168485
24,25,-2.080000,1,-2.053696,0.141535
24,26,-2.090000,1,-2.065766,0.120148
24,27,-2.090000,0,-2.026271,0.165754
24,28,-2.070000,1,-2.040280,0.139224
24,29,-2.070000,0,-1.996492,0.195517
24,30,-2.050000,0,-1.939039,0.271332
24,31,-2.020000,1,-1.964776,0.226245
24,32,-2.030000,1,-1.984700,0.188615
24,33,-2.030000,1,-2.000535,0.156775
24,34,-2.040000,1,-2.013093,0.131334
24,35,-2.050000,1,-2.023315,0.111277
24,36,-2.050000,1,-2.031909,0.095116
24,37,-2.050000,1,-2.039248,0.082344
24,38,-2.060000,1,-2.045641,0.072727
24,39,-2.060000,0,-2.022569,0.093808
24,40,-2.050000,0,-1.996314,0.126206
25,1,-1.000000,1,-1.356632,1.241629
25,2,-1.220000,1,-1.664935,1.134353
25,3,-1.420000,1,-1.915658,1.008054
25,4,-1.610000,1,-2.116555,0.884966
25,5,-1.790000,1,-2.280174,0.775375
25,6,-1.970000,1,-2.418984,0.682096
25,7,-2.140000,1,-2.540505,0.603220
25,8,-2.300000,0,-1.885032,0.569382
25,9,-2.120000,1,-1.980328,0.512614
25,10,-2.170000,0,-1.765535,0.574095
25,11,-2.060000,1,-1.850944,0.512514
25,12,-2.090000,1,-1.923942,0.450945
25,13,-2.110000,1,-1.985349,0.390893
25,14,-2.130000,1,-2.035492,0.335516
25,15,-2.150000,1,-2.075825,0.286888
25,16,-2.160000,0,-1.970704,0.374157
25,17,-2.110000,1,-2.015728,0.318819
25,18,-2.120000,1,-2.051777,0.268952
25,19,-2.130000,1,-2.080315,0.225668
25,20,-2.140000,1,-2.102923,0.189242
25,21,-2.150000,1,-2.121028,0.159367
25,22,-2.160000,1,-2.135797,0.135405
25,23,-2.170000,1,-2.148124,0.116577
25,24,-2.170000,1,-2.158665,0.101571
25,25,-2.180000,0,-2.122911,0.130753
25,26,-2.150000,1,-2.134306,0.111377
25,27,-2.160000,0,-2.097611,0.150317
25,28,-2.140000,1,-2.110432,0.127203
25,29,-2.140000,1,-2.121111,0.108302
25,30,-2.150000,1,-2.130110,0.093655
25,31,-2.150000,1,-2.137890,0.082047
25,32,-2.160000,1,-2.144738,0.073281
25,33,-2.160000,0,-2.120035,0.091915
25,34,-2.140000,0,-2.090842,0.123312
25,35,-2.120000,1,-2.100683,0.104687
25,36,-2.130000,1,-2.108935,0.090284
25,37,-2.130000,1,-2.116051,0.078880
25,38,-2.140000,0,-2.092516,0.101795
25,39,-2.120000,1,-2.100385,0.087761
25,40,-2.120000,1,-2.107169,0.076688
26,1,-1.000000,1,-1.356632,1.241629
26,2,-1.220000,1,-1.664935,1.134353
26,3,-1.420000,1,-1.915658,1.008054
26,4,-1.610000,1,-2.116555,0.884966
26,5,-1.790000,1,-2.280174,0.775375
26,6,-1.970000,1,-2.418984,0.682096
26,7,-2.140000,1,-2.540505,0.603220
26,8,-2.300000,1,-2.649285,0.536026
26,9,-2.460000,0,-2.084610,0.491536
26,10,-2.280000,1,-2.167687,0.442080
26,11,-2.330000,1,-2.239578,0.397959
26,12,-2.360000,1,-2.302246,0.358633
26,13,-2.390000,0,-2.135306,0.398152
26,14,-2.310000,0,-1.990307,0.474150
26,15,-2.230000,0,-1.837790,0.546904
26,16,-2.120000,1,-1.918421,0.488092
26,17,-2.150000,0,-1.754834,0.572700
26,18,-2.050000,1,-1.838651,0.510181
26,19,-2.080000,0,-1.670729,0.601007
26,20,-1.990000,1,-1.757580,0.536921
26,21,-2.020000,1,-1.830812,0.473018
26,22,-2.040000,0,-1.679698,0.572771
26,23,-1.970000,1,-1.758673,0.506800
26,24,-1.990000,1,-1.824703,0.441404
26,25,-2.000000,1,-1.879262,0.377826
26,26,-2.020000,1,-1.922043,0.321125
26,27,-2.030000,1,-1.955993,0.270590
26,28,-2.040000,1,-1.982746,0.227005
26,29,-2.040000,1,-2.004182,0.189149
26,30,-2.050000,1,-2.021176,0.158269
26,31,-2.060000,0,-1.971338,0.219131
26,32,-2.030000,1,-1.991121,0.182700
26,33,-2.040000,1,-2.006797,0.153046
26,34,-2.040000,1,-2.019584,0.128509
26,35,-2.050000,1,-2.030111,0.109298
26,36,-2.060000,1,-2.039018,0.094440
26,37,-2.060000,1,-2.046752,0.082684
26,38,-2.070000,1,-2.053588,0.073828
26,39,-2.070000,1,-2.059732,0.066957
26,40,-2.070000,1,-2.065311,0.061668
27,1,-1.000000,1,-1.356632,1.241629
27,2,-1.220000,1,-1.664935,1.134353
27,3,-1.420000,1,-1.915658,1.008054
27,4,-1.610000,1,-2.116555,0.884966
27,5,-1.790000,1,-2.280174,0.775375
27,6,-1.970000,1,-2.418984,0.682096
27,7,-2.140000,0,-1.663884,0.658234
27,8,-1.960000,1,-1.775482,0.596063
27,9,-2.010000,0,-1.532930,0.662664
27,10,-1.890000,1,-1.635738,0.594171
27,11,-1.930000,1,-1.721670,0.525692
27,12,-1.950000,1,-1.794033,0.457129
27,13,-1.970000,1,-1.852878,0.392661
27,14,-1.980000,1,-1.900528,0.333170
27,15,-2.000000,1,-1.937958,0.282798
27,16,-2.010000,1,-1.967995,0.240458
27,17,-2.020000,1,-1.992332,0.206584
27,18,-2.030000,1,-2.012468,0.181060
27,19,-2.040000,1,-2.029624,0.163394
27,20,-2.050000,1,-2.044760,0.152823
27,21,-2.060000,1,-2.058616,0.148391
27,22,-2.060000,1,-2.071457,0.148163
27,23,-2.070000,1,-2.083933,0.152051
27,24,-2.080000,1,-2.096450,0.159245
27,25,-2.080000,1,-2.108850,0.168103
27,26,-2.090000,1,-2.121840,0.179197
27,27,-2.090000,0,-2.058819,0.079452
27,28,-2.070000,0,-2.029682,0.086774
27,29,-2.050000,1,-2.037203,0.077627
27,30,-2.050000,0,-2.009389,0.096810
27,31,-2.030000,0,-1.978136,0.129779
27,32,-2.010000,0,-1.939870,0.180147
27,33,-1.990000,1,-1.954517,0.150656
27,34,-1.990000,1,-1.966431,0.126278
27,35,-2.000000,1,-1.976202,0.107189
27,36,-2.000000,1,-1.984471,0.091911
27,37,-2.010000,1,-1.991588,0.080288
27,38,-2.010000,1,-1.997858,0.071213
27,39,-2.010000,1,-2.003456,0.064221
27,40,-2.020000,1,-2.008557,0.059035
28,1,-1.000000,1,-1.356632,1.241629
28,2,-1.220000,1,-1.664935,1.134353
28,3,-1.420000,1,-1.915658,1.008054
28,4,-1.610000,1,-2.116555,0.884966
28,5,-1.790000,1,-2.280174,0.775375
28,6,-1.970000,1,-2.418984,0.682096
28,7,-2.140000,0,-1.663884,0.658234
28,8,-1.960000,1,-1.775482,0.596063
28,9,-2.010000,0,-1.532930,0.662664
28,10,-1.890000,0,-1.308324,0.744078
28,11,-1.760000,1,-1.429415,0.677737
28,12,-1.800000,1,-1.532994,0.606169
28,13,-1.830000,1,-1.619492,0.533011
28,14,-1.850000,1,-1.690611,0.460855
28,15,-1.860000,1,-1.748394,0.391419
28,16,-1.880000,1,-1.793204,0.330120
28,17,-1.890000,1,-1.828432,0.276168
28,18,-1.900000,1,-1.856065,0.230261
28,19,-1.910000,1,-1.877946,0.192275
28,20,-1.920000,1,-1.895595,0.161592
28,21,-1.930000,1,-1.910183,0.137351
28,22,-1.940000,1,-1.922578,0.118619
28,23,-1.940000,1,-1.933347,0.103965
28,24,-1.950000,0,-1.894851,0.132018
28,25,-1.920000,1,-1.905960,0.112372
28,26,-1.930000,1,-1.915460,0.097319
28,27,-1.930000,1,-1.923764,0.085549
28,28,-1.940000,1,-1.931187,0.076804
28,29,-1.950000,1,-1.937960,0.070348
28,30,-1.950000,0,-1.912332,0.083013
28,31,-1.930000,1,-1.919208,0.074126
28,32,-1.930000,0,-1.893332,0.093282
28,33,-1.910000,1,-1.900660,0.081325
28,34,-1.920000,1,-1.907144,0.072385
28,35,-1.920000,1,-1.912971,0.065506
28,36,-1.930000,0,-1.891878,0.079156
28,37,-1.910000,1,-1.898011,0.070359
28,38,-1.910000,1,-1.903517,0.063605
28,39,-1.920000,1,-1.908559,0.058611
28,40,-1.920000,1,-1.913207,0.054762
29,1,-1.000000,1,-1.356632,1.241629
29,2,-1.220000,1,-1.664935,1.134353
29,3,-1.420000,1,-1.915658,1.008054
29,4,-1.610000,1,-2.116555,0.884966
29,5,-1.790000,1,-2.280174,0.775375
29,6,-1.970000,1,-2.418984,0.682096
29,7,-2.140000,1,-2.540505,0.603220
29,8,-2.300000,1,-2.649285,0.536026
29,9,-2.460000,1,-2.749366,0.478432
29,10,-2.610000,1,-2.841952,0.428133
29,11,-2.760000,1,-2.928603,0.384113
29,12,-2.910000,1,-3.009956,0.345840
29,13,-3.050000,1,-3.085026,0.312541
29,14,-3.190000,0,-2.879457,0.303013
29,15,-3.020000,0,-2.722337,0.313527
29,16,-2.880000,0,-2.575864,0.334802
29,17,-2.750000,1,-2.634625,0.303245
29,18,-2.790000,0,-2.506795,0.336915
29,19,-2.680000,0,-2.369151,0.375131
29,20,-2.560000,1,-2.430699,0.336598
29,21,-2.600000,0,-2.301362,0.383760
29,22,-2.500000,1,-2.360947,0.343225
29,23,-2.530000,0,-2.234755,0.397776
29,24,-2.440000,1,-2.294369,0.354713
29,25,-2.460000,0,-2.163473,0.417658
29,26,-2.380000,1,-2.224327,0.372160
29,27,-2.400000,0,-2.093813,0.439380
29,28,-2.320000,1,-2.156784,0.390974
29,29,-2.340000,0,-2.023106,0.463326
29,30,-2.260000,1,-2.088836,0.411845
29,31,-2.280000,1,-2.145298,0.360661
29,32,-2.300000,1,-2.192172,0.312353
29,33,-2.310000,1,-2.230923,0.267158
29,34,-2.330000,0,-2.139938,0.342587
29,35,-2.280000,0,-2.024647,0.426670
29,36,-2.220000,0,-1.884821,0.511376
29,37,-2.150000,0,-1.729740,0.588564
29,38,-2.040000,1,-1.816748,0.526257
29,39,-2.070000,1,-1.890960,0.463384
29,40,-2.100000,1,-1.951858,0.403743
30,1,-1.000000,1,-1.356632,1.241629
30,2,-1.220000,1,-1.664935,1.134353
30,3,-1.420000,1,-1.915658,1.008054
30,4,-1.610000,1,-2.116555,0.884966
30,5,-1.790000,1,-2.280174,0.775375
30,6,-1.970000,1,-2.418984,0.682096
30,7,-2.140000,1,-2.540505,0.603220
30,8,-2.300000,1,-2.649285,0.536026
30,9,-2.460000,0,-2.084610,0.491536
30,10,-2.280000,0,-1.870810,0.544943
30,11,-2.140000,1,-1.955312,0.486081
30,12,-2.180000,0,-1.781184,0.566208
30,13,-2.070000,1,-1.865166,0.504428
30,14,-2.100000,1,-1.936576,0.442841
30,15,-2.120000,0,-1.779368,0.540622
30,16,-2.050000,1,-1.854170,0.478302
30,17,-2.070000,0,-1.699845,0.574702
30,18,-1.990000,1,-1.781114,0.508707
30,19,-2.020000,0,-1.623365,0.605673
30,20,-1.940000,1,-1.709540,0.538471
30,21,-1.960000,1,-1.782344,0.470182
30,22,-1.980000,1,-1.841441,0.404976
30,23,-1.990000,1,-1.889159,0.343653
30,24,-2.000000,1,-1.926762,0.288547
30,25,-2.010000,1,-1.956064,0.240821
30,26,-2.020000,1,-1.978921,0.200684
30,27,-2.030000,1,-1.996956,0.167709
30,28,-2.040000,1,-2.011459,0.141130
30,29,-2.040000,1,-2.023459,0.119345
30,30,-2.050000,0,-1.985118,0.163329
30,31,-2.030000,1,-1.998684,0.137415
30,32,-2.030000,1,-2.009904,0.116165
30,33,-2.040000,1,-2.019291,0.099659
30,34,-2.040000,1,-2.027363,0.086556
30,35,-2.050000,1,-2.034433,0.076660
30,36,-2.050000,1,-2.040740,0.068979
30,37,-2.060000,1,-2.046473,0.063261
30,38,-2.060000,1,-2.051732,0.058834
30,39,-2.060000,0,-2.031116,0.067832
30,40,-2.050000,0,-2.009809,0.083563
31,1,-1.000000,1,-1.356632,1.241629
31,2,-1.220000,1,-1.664935,1.134353
31,3,-1.420000,1,-1.915658,1.008054
31,4,-1.610000,1,-2.116555,0.884966
31,5,-1.790000,1,-2.280174,0.775375
31,6,-1.970000,1,-2.418984,0.682096
31,7,-2.140000,0,-1.663884,0.658234
31,8,-1.960000,1,-1.775482,0.596063
31,9,-2.010000,1,-1.871939,0.537823
31,10,-2.040000,1,-1.955850,0.484282
31,11,-2.070000,1,-2.028252,0.440210
31,12,-2.090000,1,-2.091456,0.406449
31,13,-2.110000,1,-2.147610,0.384528
31,14,-2.120000,1,-2.198052,0.372107
31,15,-2.140000,1,-2.245656,0.369588
31,16,-2.150000,1,-2.290809,0.372693
31,17,-2.160000,1,-2.334413,0.379211
31,18,-2.170000,1,-2.377107,0.387242
31,19,-2.180000,1,-2.419256,0.395322
31,20,-2.190000,1,-2.460979,0.402401
31,21,-2.200000,0,-2.156051,0.155373
31,22,-2.170000,0,-2.099515,0.152787
31,23,-2.140000,0,-2.048527,0.204826
31,24,-2.100000,1,-2.068053,0.171484
31,25,-2.110000,1,-2.083755,0.144434
31,26,-2.120000,1,-2.096646,0.122873
31,27,-2.130000,0,-2.057253,0.164945
31,28,-2.100000,0,-2.005697,0.227920
31,29,-2.070000,0,-1.934854,0.313050
31,30,-2.040000,1,-1.966957,0.263230
31,31,-2.050000,1,-1.992004,0.220490
31,32,-2.050000,1,-2.011927,0.183478
31,33,-2.060000,0,-1.957048,0.255692
31,34,-2.030000,1,-1.980977,0.212877
31,35,-2.040000,1,-1.999549,0.177419
31,36,-2.050000,1,-2.014194,0.148598
31,37,-2.050000,1,-2.026110,0.124736
31,38,-2.060000,1,-2.035877,0.106022
31,39,-2.060000,0,-2.004117,0.146082
31,40,-2.040000,0,-1.962215,0.205402
32,1,-1.000000,1,-1.356632,1.241629
32,2,-1.220000,1,-1.664935,1.134353
32,3,-1.420000,1,-1.915658,1.008054
32,4,-1.610000,1,-2.116555,0.884966
32,5,-1.790000,1,-2.280174,0.775375
32,6,-1.970000,1,-2.418984,0.682096
32,7,-2.140000,1,-2.540505,0.603220
32,8,-2.300000,1,-2.649285,0.536026
32,9,-2.460000,0,-2.084610,0.491536
32,10,-2.280000,0,-1.870810,0.544943
32,11,-2.140000,1,-1.955312,0.486081
32,12,-2.180000,0,-1.781184,0.566208
32,13,-2.070000,1,-1.865166,0.504428
32,14,-2.100000,1,-1.936576,0.442841
32,15,-2.120000,1,-1.996331,0.382872
32,16,-2.140000,0,-1.859741,0.481706
32,17,-2.080000,0,-1.704772,0.576459
32,18,-2.000000,1,-1.786292,0.511494
32,19,-2.020000,1,-1.855242,0.446030
32,20,-2.040000,1,-1.911359,0.383873
32,21,-2.050000,1,-1.956799,0.325665
32,22,-2.070000,1,-1.992120,0.275298
32,23,-2.080000,1,-2.020104,0.231492
32,24,-2.080000,1,-2.042586,0.193182
32,25,-2.090000,1,-2.060411,0.161760
32,26,-2.100000,0,-2.008239,0.223592
32,27,-2.070000,1,-2.028971,0.186741
32,28,-2.080000,0,-1.972330,0.257740
32,29,-2.050000,1,-1.996807,0.215411
32,30,-2.060000,1,-2.015961,0.180164
32,31,-2.060000,1,-2.031349,0.150390
32,32,-2.070000,1,-2.043709,0.126645
32,33,-2.070000,0,-2.004233,0.177451
32,34,-2.050000,0,-1.952156,0.248376
32,35,-2.020000,1,-1.974885,0.206239
32,36,-2.030000,1,-1.992455,0.171570
32,37,-2.040000,1,-2.006286,0.143548
32,38,-2.040000,0,-1.964592,0.202462
32,39,-2.020000,1,-1.981453,0.168483
32,40,-2.020000,1,-1.994884,0.140128
33,1,-1.000000,1,-1.356632,1.241629
33,2,-1.220000,1,-1.664935,1.134353
33,3,-1.420000,1,-1.915658,1.008054
33,4,-1.610000,1,-2.116555,0.884966
33,5,-1.790000,1,-2.280174,0.775375
33,6,-1.970000,0,-1.403571,0.754751
33,7,-1.780000,1,-1.538833,0.689456
33,8,-1.830000,1,-1.655753,0.623962
33,9,-1.870000,1,-1.755874,0.563714
33,10,-1.890000,1,-1.842199,0.509757
33,11,-1.920000,1,-1.916352,0.469650
33,12,-1.930000,1,-1.980952,0.440520
33,13,-1.950000,1,-2.038938,0.425100
33,14,-1.960000,1,-2.091709,0.419300
33,15,-1.980000,1,-2.142874,0.422433
33,16,-1.990000,0,-1.888589,0.264423
33,17,-1.950000,1,-1.915261,0.228842
33,18,-1.960000,1,-1.937364,0.202515
33,19,-1.970000,1,-1.956248,0.185122
33,20,-1.980000,1,-1.973002,0.175932
33,21,-1.980000,1,-1.988189,0.172765
33,22,-1.990000,1,-2.002627,0.175531
33,23,-2.000000,1,-2.016924,0.183049
33,24,-2.000000,0,-1.955346,0.110881
33,25,-1.980000,0,-1.918998,0.142635
33,26,-1.950000,1,-1.930871,0.120595
33,27,-1.960000,1,-1.940843,0.103484
33,28,-1.960000,0,-1.906625,0.140305
33,29,-1.940000,1,-1.917869,0.118468
33,30,-1.940000,1,-1.927306,0.100926
33,31,-1.950000,1,-1.935370,0.087545
33,32,-1.960000,1,-1.942441,0.077424
33,33,-1.960000,1,-1.948758,0.069553
33,34,-1.960000,1,-1.954463,0.063495
33,35,-1.970000,1,-1.959719,0.058993
33,36,-1.970000,1,-1.964580,0.055493
33,37,-1.980000,0,-1.946366,0.061737
33,38,-1.960000,1,-1.951338,0.057290
33,39,-1.960000,1,-1.955931,0.053842
33,40,-1.970000,1,-1.960251,0.051220
34,1,-1.000000,1,-1.356632,1.241629
34,2,-1.220000,1,-1.664935,1.134353
34,3,-1.420000,1,-1.915658,1.008054
34,4,-1.610000,1,-2.116555,0.884966
34,5,-1.790000,1,-2.280174,0.775375
34,6,-1.970000,1,-2.418984,0.682096
34,7,-2.140000,0,-1.663884,0.658234
34,8,-1.960000,1,-1.775482,0.596063
34,9,-2.010000,1,-1.871939,0.537823
34,10,-2.040000,1,-1.955850,0.484282
34,11,-2.070000,0,-1.739557,0.542040
34,12,-1.990000,1,-1.815717,0.475299
34,13,-2.010000,1,-1.878756,0.410832
34,14,-2.030000,1,-1.929519,0.352044
34,15,-2.040000,0,-1.803577,0.456788
34,16,-1.990000,1,-1.860736,0.392295
34,17,-2.000000,1,-1.906720,0.332165
34,18,-2.010000,1,-1.942913,0.278546
34,19,-2.020000,1,-1.971155,0.232440
34,20,-2.030000,0,-1.894238,0.321691
34,21,-2.000000,1,-1.927454,0.270209
34,22,-2.010000,1,-1.953372,0.226058
34,23,-2.010000,1,-1.973982,0.187879
34,24,-2.020000,0,-1.916073,0.263047
34,25,-1.990000,1,-1.940730,0.218816
34,26,-2.000000,0,-1.875727,0.303857
34,27,-1.970000,1,-1.905398,0.253723
34,28,-1.980000,1,-1.928251,0.211387
34,29,-1.980000,1,-1.946282,0.175215
34,30,-1.990000,1,-1.960414,0.146079
34,31,-2.000000,1,-1.971771,0.122951
34,32,-2.000000,1,-1.981209,0.104203
34,33,-2.010000,1,-1.989168,0.089781
34,34,-2.010000,1,-1.996068,0.078420
34,35,-2.010000,0,-1.971217,0.103497
34,36,-2.000000,1,-1.978934,0.088982
34,37,-2.000000,1,-1.985607,0.077548
34,38,-2.000000,1,-1.991470,0.068688
34,39,-2.010000,1,-1.996729,0.062114
34,40,-2.010000,1,-2.001509,0.057066
35,1,-1.000000,1,-1.356632,1.241629
35,2,-1.220000,1,-1.664935,1.134353
35,3,-1.420000,1,-1.915658,1.008054
35,4,-1.610000,1,-2.116555,0.884966
35,5,-1.790000,1,-2.280174,0.775375
35,6,-1.970000,1,-2.418984,0.682096
35,7,-2.140000,0,-1.663884,0.658234
35,8,-1.960000,1,-1.775482,0.596063
35,9,-2.010000,1,-1.871939,0.537823
35,10,-2.040000,0,-1.639215,0.606086
35,11,-1.950000,1,-1.727861,0.539240
35,12,-1.970000,1,-1.803520,0.470949
35,13,-1.990000,1,-1.865571,0.405628
35,14,-2.010000,1,-1.915194,0.346615
35,15,-2.020000,0,-1.790373,0.452801
35,16,-1.970000,1,-1.846637,0.387529
35,17,-1.980000,1,-1.891569,0.327162
35,18,-2.000000,1,-1.926146,0.275511
35,19,-2.010000,1,-1.953364,0.231051
35,20,-2.010000,1,-1.975154,0.192551
35,21,-2.020000,1,-1.992441,0.161299
35,22,-2.030000,1,-2.006465,0.136479
35,23,-2.040000,1,-2.018147,0.117187
35,24,-2.040000,1,-2.028143,0.102006
35,25,-2.050000,1,-2.036872,0.090882
35,26,-2.050000,1,-2.044640,0.082682
35,27,-2.060000,1,-2.051725,0.077220
35,28,-2.060000,1,-2.058241,0.073649
35,29,-2.070000,1,-2.064395,0.071859
35,30,-2.070000,0,-2.039501,0.069068
35,31,-2.050000,1,-2.045328,0.063670
35,32,-2.060000,1,-2.050735,0.059707
35,33,-2.060000,0,-2.029624,0.067078
35,34,-2.040000,1,-2.035103,0.061532
35,35,-2.050000,0,-2.014786,0.072364
35,36,-2.030000,0,-1.991691,0.092332
35,37,-2.010000,1,-1.998708,0.080129
35,38,-2.020000,1,-2.004853,0.070966
35,39,-2.020000,1,-2.010338,0.063887
35,40,-2.030000,1,-2.015328,0.058628
36,1,-1.000000,1,-1.356632,1.241629
36,2,-1.220000,1,-1.664935,1.134353
36,3,-1.420000,1,-1.915658,1.008054
36,4,-1.610000,1,-2.116555,0.884966
36,5,-1.790000,1,-2.280174,0.775375
36,6,-1.970000,1,-2.418984,0.682096
36,7,-2.140000,0,-1.663884,0.658234
36,8,-1.960000,1,-1.775482,0.596063
36,9,-2.010000,1,-1.871939,0.537823
36,10,-2.040000,1,-1.955850,0.484282
36,11,-2.070000,1,-2.028252,0.440210
36,12,-2.090000,1,-2.091456,0.406449
36,13,-2.110000,1,-2.147610,0.384528
36,14,-2.120000,1,-2.198052,0.372107
36,15,-2.140000,1,-2.245656,0.369588
36,16,-2.150000,1,-2.290809,0.372693
36,17,-2.160000,1,-2.334413,0.379211
36,18,-2.170000,1,-2.377107,0.387242
36,19,-2.180000,1,-2.419256,0.395322
36,20,-2.190000,0,-2.137522,0.164366
36,21,-2.160000,0,-2.078104,0.179790
36,22,-2.120000,1,-2.095312,0.151926
36,23,-2.130000,1,-2.109489,0.129807
36,24,-2.140000,0,-2.064970,0.172735
36,25,-2.110000,1,-2.080687,0.145611
36,26,-2.120000,1,-2.093596,0.123931
36,27,-2.120000,1,-2.104477,0.106286
36,28,-2.130000,1,-2.113774,0.092679
36,29,-2.140000,0,-2.083388,0.119203
36,30,-2.110000,1,-2.093481,0.102155
36,31,-2.120000,0,-2.061074,0.136190
36,32,-2.100000,1,-2.072344,0.115754
36,33,-2.100000,1,-2.081839,0.099187
36,34,-2.110000,1,-2.089946,0.086439
36,35,-2.110000,1,-2.097033,0.076382
36,36,-2.120000,0,-2.073139,0.096354
36,37,-2.100000,0,-2.044455,0.128869
36,38,-2.080000,1,-2.054625,0.109340
36,39,-2.080000,1,-2.063179,0.093618
36,40,-2.090000,1,-2.070483,0.081586
37,1,-1.000000,1,-1.356632,1.241629
37,2,-1.220000,1,-1.664935,1.134353
37,3,-1.420000,1,-1.915658,1.008054
37,4,-1.610000,1,-2.116555,0.884966
37,5,-1.790000,1,-2.280174,0.775375
37,6,-1.970000,1,-2.418984,0.682096
37,7,-2.140000,1,-2.540505,0.603220
37,8,-2.300000,0,-1.885032,0.569382
37,9,-2.120000,1,-1.980328,0.512614
37,10,-2.170000,1,-2.062598,0.461241
37,11,-2.200000,1,-2.134166,0.415186
37,12,-2.230000,0,-1.945270,0.463578
37,13,-2.150000,0,-1.783545,0.552670
37,14,-2.070000,1,-1.861474,0.492106
37,15,-2.090000,1,-1.928357,0.430804
37,16,-2.110000,0,-1.785655,0.528081
37,17,-2.040000,1,-1.857991,0.464147
37,18,-2.060000,0,-1.707097,0.564855
37,19,-1.990000,1,-1.785453,0.498998
37,20,-2.010000,1,-1.850825,0.433818
37,21,-2.030000,1,-1.903506,0.372854
37,22,-2.040000,1,-1.945970,0.316366
37,23,-2.050000,0,-1.843931,0.418572
37,24,-2.010000,1,-1.893125,0.357729
37,25,-2.020000,1,-1.932238,0.302293
37,26,-2.030000,1,-1.962874,0.253650
37,27,-2.040000,1,-1.986800,0.212229
37,28,-2.040000,0,-1.919683,0.296633
37,29,-2.010000,1,-1.949184,0.247684
37,30,-2.020000,1,-1.971990,0.206364
37,31,-2.030000,0,-1.912022,0.285333
37,32,-2.000000,1,-1.939341,0.238261
37,33,-2.010000,1,-1.960467,0.198738
37,34,-2.010000,1,-1.977229,0.165106
37,35,-2.020000,1,-1.990465,0.138105
37,36,-2.020000,1,-2.001266,0.116012
37,37,-2.030000,1,-2.010187,0.098871
37,38,-2.030000,1,-2.017781,0.085277
37,39,-2.040000,0,-1.992490,0.113046
37,40,-2.020000,0,-1.960444,0.157125
38,1,-1.000000,1,-1.356632,1.241629
38,2,-1.220000,1,-1.664935,1.134353
38,3,-1.420000,1,-1.915658,1.008054
38,4,-1.610000,1,-2.116555,0.884966
38,5,-1.790000,1,-2.280174,0.775375
38,6,-1.970000,1,-2.418984,0.682096
38,7,-2.140000,1,-2.540505,0.603220
38,8,-2.300000,1,-2.649285,0.536026
38,9,-2.460000,1,-2.749366,0.478432
38,10,-2.610000,0,-2.260834,0.430817
38,11,-2.440000,1,-2.335151,0.389619
38,12,-2.480000,1,-2.400453,0.351158
38,13,-2.520000,0,-2.240773,0.388709
38,14,-2.430000,0,-2.099647,0.448111
38,15,-2.320000,1,-2.167555,0.398137
38,16,-2.360000,1,-2.224297,0.351340
38,17,-2.380000,1,-2.272385,0.306371
38,18,-2.390000,1,-2.312789,0.263613
38,19,-2.410000,0,-2.215239,0.334046
38,20,-2.360000,1,-2.258342,0.289453
38,21,-2.370000,1,-2.293994,0.248070
38,22,-2.380000,0,-2.204317,0.321469
38,23,-2.340000,0,-2.097830,0.398661
38,24,-2.280000,1,-2.150845,0.347605
38,25,-2.300000,1,-2.194207,0.300223
38,26,-2.310000,1,-2.229711,0.256475
38,27,-2.320000,0,-2.142736,0.334364
38,28,-2.280000,0,-2.033640,0.418211
38,29,-2.230000,1,-2.087716,0.365452
38,30,-2.240000,0,-1.967736,0.453514
38,31,-2.190000,1,-2.026991,0.398899
38,32,-2.200000,1,-2.077214,0.344998
38,33,-2.210000,1,-2.118315,0.294397
38,34,-2.230000,1,-2.150554,0.250491
38,35,-2.230000,1,-2.176759,0.210753
38,36,-2.240000,0,-2.108018,0.285430
38,37,-2.210000,1,-2.138569,0.241561
38,38,-2.220000,1,-2.162751,0.203680
38,39,-2.220000,1,-2.182213,0.170691
38,40,-2.230000,1,-2.197669,0.143707
39,1,-1.000000,1,-1.356632,1.241629
39,2,-1.220000,1,-1.664935,1.134353
39,3,-1.420000,1,-1.915658,1.008054
39,4,-1.610000,1,-2.116555,0.884966
39,5,-1.790000,1,-2.280174,0.775375
39,6,-1.970000,1,-2.418984,0.682096
39,7,-2.140000,1,-2.540505,0.603220
39,8,-2.300000,1,-2.649285,0.536026
39,9,-2.460000,0,-2.084610,0.491536
39,10,-2.280000,1,-2.167687,0.442080
39,11,-2.330000,0,-1.975845,0.493705
39,12,-2.220000,1,-2.049774,0.439391
39,13,-2.250000,0,-1.893812,0.516947
39,14,-2.150000,0,-1.720246,0.595776
39,15,-2.030000,1,-1.810287,0.532325
39,16,-2.070000,0,-1.635612,0.619534
39,17,-1.960000,0,-1.429787,0.704100
39,18,-1.830000,1,-1.542259,0.635422
39,19,-1.870000,1,-1.637266,0.564036
39,20,-1.900000,1,-1.715862,0.493059
39,21,-1.920000,1,-1.780084,0.424512
39,22,-1.930000,1,-1.832099,0.359597
39,23,-1.950000,1,-1.872504,0.302960
39,24,-1.960000,0,-1.769105,0.408650
39,25,-1.920000,0,-1.638254,0.524073
39,26,-1.870000,1,-1.705320,0.453401
39,27,-1.880000,0,-1.556971,0.575312
39,28,-1.830000,1,-1.633984,0.502081
39,29,-1.840000,1,-1.696905,0.429862
39,30,-1.860000,1,-1.745365,0.364934
39,31,-1.860000,1,-1.783910,0.304723
39,32,-1.870000,1,-1.813316,0.252967
39,33,-1.880000,1,-1.835824,0.209697
39,34,-1.890000,1,-1.853293,0.174290
39,35,-1.890000,1,-1.867279,0.144849
39,36,-1.900000,1,-1.878560,0.121687
39,37,-1.900000,1,-1.887962,0.103109
39,38,-1.910000,1,-1.895954,0.088964
39,39,-1.910000,1,-1.902918,0.077955
39,40,-1.920000,1,-1.909126,0.069784
40,1,-1.000000,1,-1.356632,1.241629
40,2,-1.220000,1,-1.664935,1.134353
40,3,-1.420000,1,-1.915658,1.008054
40,4,-1.610000,1,-2.116555,0.884966
40,5,-1.790000,1,-2.280174,0.775375
40,6,-1.970000,1,-2.418984,0.682096
40,7,-2.140000,1,-2.540505,0.603220
40,8,-2.300000,1,-2.649285,0.536026
40,9,-2.460000,0,-2.084610,0.491536
40,10,-2.280000,1,-2.167687,0.442080
40,11,-2.330000,1,-2.239578,0.397959
40,12,-2.360000,1,-2.302246,0.358633
40,13,-2.390000,1,-2.356672,0.326831
40,14,-2.410000,1,-2.404513,0.302570
40,15,-2.430000,0,-2.252613,0.308604
40,16,-2.370000,0,-2.136955,0.382334
40,17,-2.310000,0,-2.007763,0.459056
40,18,-2.240000,0,-1.864297,0.532556
40,19,-2.140000,0,-1.693912,0.607947
40,20,-2.010000,1,-1.786960,0.543330
40,21,-2.050000,1,-1.865202,0.479468
40,22,-2.080000,0,-1.705306,0.574338
40,23,-2.000000,1,-1.786165,0.509993
40,24,-2.020000,1,-1.854795,0.445200
40,25,-2.040000,1,-1.910921,0.383637
40,26,-2.050000,1,-1.956612,0.325892
40,27,-2.060000,1,-1.992969,0.274081
40,28,-2.070000,1,-2.021609,0.229266
40,29,-2.080000,1,-2.044214,0.191641
40,30,-2.090000,1,-2.062270,0.160810
40,31,-2.100000,0,-2.008416,0.221565
40,32,-2.070000,1,-2.029140,0.185361
40,33,-2.080000,0,-1.972229,0.254910
40,34,-2.050000,1,-1.996453,0.213347
40,35,-2.050000,1,-2.015766,0.177553
40,36,-2.060000,1,-2.031032,0.148544
40,37,-2.070000,1,-2.043375,0.125418
40,38,-2.070000,1,-2.053659,0.106630
40,39,-2.080000,1,-2.062350,0.092154
40,40,-2.080000,1,-2.069883,0.080748
41,1,-1.000000,1,-1.356632,1.241629
41,2,-1.220000,1,-1.664935,1.134353
41,3,-1.420000,1,-1.915658,1.008054
41,4,-1.610000,1,-2.116555,0.884966
41,5,-1.790000,1,-2.280174,0.775375
41,6,-1.970000,1,-2.418984,0.682096
41,7,-2.140000,1,-2.540505,0.603220
41,8,-2.300000,1,-2.649285,0.536026
41,9,-2.460000,1,-2.749366,0.478432
41,10,-2.610000,0,-2.260834,0.430817
41,11,-2.440000,1,-2.335151,0.389619
41,12,-2.480000,0,-2.157312,0.431453
41,13,-2.370000,1,-2.223838,0.384541
41,14,-2.400000,0,-2.079867,0.449650
41,15,-2.300000,1,-2.146821,0.398731
41,16,-2.330000,0,-2.005616,0.471838
41,17,-2.240000,1,-2.073916,0.418354
41,18,-2.270000,0,-1.934495,0.495509
41,19,-2.180000,1,-2.005475,0.438802
41,20,-2.210000,0,-1.862118,0.521359
41,21,-2.130000,1,-1.935085,0.463546
41,22,-2.150000,1,-1.997569,0.405593
41,23,-2.170000,1,-2.049164,0.350591
41,24,-2.180000,0,-1.928600,0.445724
41,25,-2.130000,1,-1.985846,0.387870
41,26,-2.140000,1,-2.033312,0.332308
41,27,-2.150000,1,-2.071543,0.281406
41,28,-2.160000,1,-2.101827,0.236583
41,29,-2.170000,0,-2.022332,0.321073
41,30,-2.140000,1,-2.057369,0.272319
41,31,-2.150000,1,-2.085149,0.229641
41,32,-2.150000,0,-2.010103,0.314163
41,33,-2.120000,1,-2.043657,0.265229
41,34,-2.130000,1,-2.070006,0.222815
41,35,-2.140000,1,-2.090717,0.187033
41,36,-2.140000,1,-2.107376,0.156464
41,37,-2.150000,0,-2.060308,0.216098
41,38,-2.120000,1,-2.080062,0.180250
41,39,-2.130000,1,-2.095598,0.150967
41,40,-2.130000,1,-2.108178,0.126654
42,1,-1.000000,1,-1.356632,1.241629
42,2,-1.220000,1,-1.664935,1.134353
42,3,-1.420000,1,-1.915658,1.008054
42,4,-1.610000,1,-2.116555,0.884966
42,5,-1.790000,1,-2.280174,0.775375
42,6,-1.970000,1,-2.418984,0.682096
42,7,-2.140000,1,-2.540505,0.603220
42,8,-2.300000,1,-2.649285,0.536026
42,9,-2.460000,0,-2.084610,0.491536
42,10,-2.280000,1,-2.167687,0.442080
42,11,-2.330000,1,-2.239578,0.397959
42,12,-2.360000,1,-2.302246,0.358633
42,13,-2.390000,1,-2.356672,0.326831
42,14,-2.410000,1,-2.404513,0.302570
42,15,-2.430000,1,-2.447289,0.286675
42,16,-2.440000,0,-2.294550,0.271376
42,17,-2.390000,0,-2.191644,0.341041
42,18,-2.330000,0,-2.068685,0.421430
42,19,-2.270000,1,-2.125907,0.370099
42,20,-2.290000,0,-2.004417,0.449786
42,21,-2.220000,1,-2.065970,0.395327
42,22,-2.240000,0,-1.935498,0.480271
42,23,-2.170000,1,-2.001516,0.423294
42,24,-2.190000,1,-2.056825,0.367919
42,25,-2.210000,0,-1.938274,0.456488
42,26,-2.150000,1,-1.998405,0.398803
42,27,-2.170000,1,-2.047630,0.344562
42,28,-2.180000,0,-1.935466,0.437813
42,29,-2.130000,0,-1.797402,0.531654
42,30,-2.070000,1,-1.868746,0.471302
42,31,-2.080000,1,-1.930178,0.409605
42,32,-2.100000,1,-1.979749,0.352157
42,33,-2.110000,0,-1.866266,0.452317
42,34,-2.060000,0,-1.721124,0.555088
42,35,-2.000000,1,-1.796461,0.490227
42,36,-2.020000,0,-1.645241,0.590785
42,37,-1.950000,1,-1.727591,0.523785
42,38,-1.970000,0,-1.562085,0.627316
42,39,-1.900000,1,-1.651068,0.559684
42,40,-1.920000,1,-1.726373,0.490396
43,1,-1.000000,1,-1.356632,1.241629
43,2,-1.220000,1,-1.664935,1.134353
43,3,-1.420000,1,-1.915658,1.008054
43,4,-1.610000,1,-2.116555,0.884966
43,5,-1.790000,0,-1.095456,0.842021
43,6,-1.600000,1,-1.256613,0.787781
43,7,-1.660000,1,-1.398183,0.728125
43,8,-1.690000,1,-1.523872,0.664768
43,9,-1.720000,1,-1.632343,0.606595
43,10,-1.740000,1,-1.725900,0.557679
43,11,-1.760000,1,-1.807116,0.522494
43,12,-1.770000,1,-1.878224,0.499644
43,13,-1.790000,1,-1.943389,0.490520
43,14,-1.800000,1,-2.003647,0.489643
43,15,-1.810000,1,-2.060505,0.493928
43,16,-1.820000,1,-2.115009,0.500614
43,17,-1.830000,1,-2.167756,0.507594
43,18,-1.840000,1,-2.218963,0.513432
43,19,-1.850000,1,-2.268556,0.517260
43,20,-1.860000,0,-1.828376,0.198713
43,21,-1.830000,1,-1.845007,0.201212
43,22,-1.840000,1,-1.861448,0.209539
43,23,-1.840000,1,-1.877653,0.220993
43,24,-1.850000,1,-1.894658,0.236011
43,25,-1.860000,1,-1.913025,0.253990
43,26,-1.860000,1,-1.932159,0.272762
43,27,-1.870000,1,-1.953435,0.293625
43,28,-1.870000,1,-1.975853,0.314412
43,29,-1.880000,1,-2.001096,0.336621
43,30,-1.880000,1,-2.027668,0.357970
43,31,-1.890000,1,-2.057566,0.379963
43,32,-1.890000,0,-1.871707,0.097366
43,33,-1.870000,1,-1.878170,0.102782
43,34,-1.880000,1,-1.884815,0.109651
43,35,-1.880000,1,-1.891516,0.117304
43,36,-1.890000,1,-1.898618,0.126516
43,37,-1.890000,1,-1.905956,0.136507
43,38,-1.890000,1,-1.913577,0.147206
43,39,-1.900000,1,-1.921994,0.159672
43,40,-1.900000,1,-1.930932,0.172867
44,1,-1.000000,1,-1.356632,1.241629
44,2,-1.220000,1,-1.664935,1.134353
44,3,-1.420000,1,-1.915658,1.008054
44,4,-1.610000,1,-2.116555,0.884966
44,5,-1.790000,1,-2.280174,0.775375
44,6,-1.970000,1,-2.418984,0.682096
44,7,-2.140000,0,-1.663884,0.658234
44,8,-1.960000,1,-1.775482,0.596063
44,9,-2.010000,0,-1.532930,0.662664
44,10,-1.890000,1,-1.635738,0.594171
44,11,-1.930000,1,-1.721670,0.525692
44,12,-1.950000,0,-1.538747,0.632452
44,13,-1.870000,1,-1.630870,0.561955
44,14,-1.890000,1,-1.708363,0.489869
44,15,-1.910000,1,-1.770944,0.420875
44,16,-1.920000,1,-1.821165,0.356054
44,17,-1.940000,1,-1.859830,0.299906
44,18,-1.950000,0,-1.763634,0.403654
44,19,-1.910000,1,-1.808967,0.341588
44,20,-1.920000,1,-1.844362,0.286486
44,21,-1.930000,1,-1.871823,0.239158
44,22,-1.930000,0,-1.795325,0.335851
44,23,-1.900000,1,-1.829372,0.280453
44,24,-1.910000,1,-1.855493,0.233257
44,25,-1.920000,1,-1.875673,0.194030
44,26,-1.920000,1,-1.891708,0.160964
44,27,-1.930000,1,-1.904461,0.134636
44,28,-1.930000,1,-1.914946,0.113278
44,29,-1.940000,1,-1.923710,0.096848
44,30,-1.940000,1,-1.931243,0.083938
44,31,-1.950000,1,-1.937863,0.074284
44,32,-1.950000,1,-1.943783,0.066868
44,33,-1.960000,1,-1.949192,0.061401
44,34,-1.960000,1,-1.954169,0.057210
44,35,-1.970000,1,-1.958836,0.054090
44,36,-1.970000,1,-1.963214,0.051637
44,37,-1.970000,1,-1.967339,0.049679
44,38,-1.980000,1,-1.971297,0.048140
44,39,-1.980000,1,-1.975068,0.046849
44,40,-1.980000,1,-1.978668,0.045745
45,1,-1.000000,1,-1.356632,1.241629
45,2,-1.220000,1,-1.664935,1.134353
45,3,-1.420000,1,-1.915658,1.008054
45,4,-1.610000,1,-2.116555,0.884966
45,5,-1.790000,1,-2.280174,0.775375
45,6,-1.970000,1,-2.418984,0.682096
45,7,-2.140000,1,-2.540505,0.603220
45,8,-2.300000,0,-1.885032,0.569382
45,9,-2.120000,1,-1.980328,0.512614
45,10,-2.170000,0,-1.765535,0.574095
45,11,-2.060000,1,-1.850944,0.512514
45,12,-2.090000,0,-1.676316,0.601110
45,13,-1.990000,1,-1.764764,0.535986
45,14,-2.020000,1,-1.839357,0.470884
45,15,-2.040000,0,-1.680570,0.573948
45,16,-1.970000,1,-1.760370,0.507606
45,17,-1.990000,1,-1.827127,0.441727
45,18,-2.000000,1,-1.882243,0.377655
45,19,-2.020000,1,-1.925443,0.320511
45,20,-2.030000,1,-1.959677,0.269643
45,21,-2.040000,0,-1.872977,0.364237
45,22,-2.000000,1,-1.913202,0.307425
45,23,-2.010000,1,-1.944656,0.257564
45,24,-2.020000,0,-1.864923,0.351081
45,25,-1.980000,1,-1.902639,0.294539
45,26,-1.990000,1,-1.931766,0.245587
45,27,-2.000000,1,-1.954273,0.204406
45,28,-2.010000,0,-1.894322,0.283617
45,29,-1.980000,1,-1.921287,0.236546
45,30,-1.990000,0,-1.853030,0.325334
45,31,-1.960000,1,-1.885398,0.272602
45,32,-1.970000,0,-1.807272,0.369918
45,33,-1.940000,1,-1.845890,0.312114
45,34,-1.940000,1,-1.876347,0.259846
45,35,-1.950000,1,-1.899573,0.215777
45,36,-1.960000,1,-1.917457,0.179440
45,37,-1.960000,0,-1.866094,0.254986
45,38,-1.940000,1,-1.888343,0.211881
45,39,-1.940000,1,-1.905753,0.175172
45,40,-1.950000,1,-1.919285,0.145669
46,1,-1.000000,1,-1.356632,1.241629
46,2,-1.220000,1,-1.664935,1.134353
46,3,-1.420000,1,-1.915658,1.008054
46,4,-1.610000,1,-2.116555,0.884966
46,5,-1.790000,1,-2.280174,0.775375
46,6,-1.970000,0,-1.403571,0.754751
46,7,-1.780000,1,-1.538833,0.689456
46,8,-1.830000,1,-1.655753,0.623962
46,9,-1.870000,1,-1.755874,0.563714
46,10,-1.890000,1,-1.842199,0.509757
46,11,-1.920000,1,-1.916352,0.469650
46,12,-1.930000,1,-1.980952,0.440520
46,13,-1.950000,1,-2.038938,0.425100
46,14,-1.960000,1,-2.091709,0.419300
46,15,-1.980000,1,-2.142874,0.422433
46,16,-1.990000,1,-2.192215,0.429567
46,17,-2.000000,1,-2.240435,0.438406
46,18,-2.010000,1,-2.287907,0.447206
46,19,-2.020000,1,-2.334706,0.454746
46,20,-2.030000,1,-2.380674,0.460249
46,21,-2.040000,1,-2.425483,0.463295
46,22,-2.050000,1,-2.468703,0.463751
46,23,-2.060000,1,-2.509870,0.461715
46,24,-2.060000,1,-2.545943,0.457643
46,25,-2.070000,1,-2.579586,0.452034
46,26,-2.080000,1,-2.610609,0.445235
46,27,-2.090000,1,-2.638902,0.437619
46,28,-2.090000,1,-2.662609,0.430056
46,29,-2.100000,1,-2.684036,0.422384
46,30,-2.110000,0,-2.168130,0.268731
46,31,-2.080000,1,-2.189433,0.285364
46,32,-2.090000,0,-2.062117,0.083481
46,33,-2.070000,1,-2.069064,0.086192
46,34,-2.070000,1,-2.075859,0.089556
46,35,-2.080000,1,-2.082742,0.093996
46,36,-2.080000,0,-2.052395,0.058296
46,37,-2.060000,1,-2.057598,0.057113
46,38,-2.070000,0,-2.037094,0.055864
46,39,-2.050000,1,-2.042038,0.054047
46,40,-2.050000,1,-2.046720,0.052489
47,1,-1.000000,1,-1.356632,1.241629
47,2,-1.220000,1,-1.664935,1.134353
47,3,-1.420000,1,-1.915658,1.008054
47,4,-1.610000,1,-2.116555,0.884966
47,5,-1.790000,1,-2.280174,0.775375
47,6,-1.970000,1,-2.418984,0.682096
47,7,-2.140000,1,-2.540505,0.603220
47,8,-2.300000,0,-1.885032,0.569382
47,9,-2.120000,1,-1.980328,0.512614
47,10,-2.170000,0,-1.765535,0.574095
47,11,-2.060000,0,-1.575769,0.652718
47,12,-1.930000,1,-1.676705,0.586251
47,13,-1.970000,1,-1.761893,0.519226
47,14,-1.990000,1,-1.834091,0.451425
47,15,-2.010000,1,-1.892962,0.386933
47,16,-2.030000,1,-1.939798,0.328659
47,17,-2.040000,1,-1.977243,0.276370
47,18,-2.060000,0,-1.883477,0.368827
47,19,-2.010000,0,-1.758516,0.480176
47,20,-1.960000,1,-1.819284,0.413295
47,21,-1.980000,0,-1.689887,0.523207
47,22,-1.930000,1,-1.757046,0.455226
47,23,-1.940000,1,-1.811982,0.389414
47,24,-1.950000,1,-1.855529,0.328831
47,25,-1.960000,1,-1.889415,0.275309
47,26,-1.970000,1,-1.915633,0.229537
47,27,-1.980000,1,-1.936032,0.191377
47,28,-1.980000,1,-1.952326,0.159140
47,29,-1.990000,1,-1.965344,0.133431
47,30,-2.000000,1,-1.976028,0.113221
47,31,-2.000000,1,-1.985069,0.097003
47,32,-2.010000,1,-1.992851,0.084648
47,33,-2.010000,1,-1.999703,0.075005
47,34,-2.020000,1,-2.005856,0.067818
47,35,-2.020000,0,-1.983193,0.082931
47,36,-2.000000,1,-1.989699,0.073294
47,37,-2.010000,1,-1.995524,0.066113
47,38,-2.010000,1,-2.000810,0.060582
47,39,-2.010000,1,-2.005654,0.056334
47,40,-2.020000,1,-2.010179,0.053157
48,1,-1.000000,1,-1.356632,1.241629
48,2,-1.220000,1,-1.664935,1.134353
48,3,-1.420000,1,-1.915658,1.008054
48,4,-1.610000,1,-2.116555,0.884966
48,5,-1.790000,1,-2.280174,0.775375
48,6,-1.970000,1,-2.418984,0.682096
48,7,-2.140000,1,-2.540505,0.603220
48,8,-2.300000,0,-1.885032,0.569382
48,9,-2.120000,0,-1.647398,0.631068
48,10,-1.970000,1,-1.747465,0.563895
48,11,-2.020000,1,-1.830613,0.498891
48,12,-2.050000,1,-1.900254,0.435726
48,13,-2.070000,1,-1.958026,0.375691
48,14,-2.090000,1,-2.004905,0.321528
48,15,-2.100000,0,-1.883407,0.418868
48,16,-2.050000,0,-1.745033,0.522899
48,17,-1.990000,1,-1.814379,0.457174
48,18,-2.000000,1,-1.872153,0.392379
48,19,-2.020000,1,-1.917666,0.333938
48,20,-2.030000,1,-1.953820,0.281427
48,21,-2.040000,1,-1.982254,0.235876
48,22,-2.050000,1,-2.004651,0.197467
48,23,-2.060000,1,-2.022490,0.165811
48,24,-2.060000,1,-2.037073,0.139341
48,25,-2.070000,1,-2.049067,0.118446
48,26,-2.080000,1,-2.059194,0.102188
48,27,-2.080000,1,-2.067958,0.089275
48,28,-2.090000,1,-2.075685,0.079537
48,29,-2.090000,1,-2.082607,0.071996
48,30,-2.100000,1,-2.088935,0.066412
48,31,-2.100000,0,-2.064796,0.077310
48,32,-2.080000,1,-2.071261,0.069653
48,33,-2.090000,1,-2.077141,0.063948
48,34,-2.090000,0,-2.055108,0.075594
48,35,-2.070000,1,-2.061232,0.067922
48,36,-2.080000,1,-2.066786,0.062208
48,37,-2.080000,1,-2.071870,0.057784
48,38,-2.080000,0,-2.051948,0.066967
48,39,-2.070000,1,-2.057278,0.061146
48,40,-2.070000,0,-2.037369,0.073564
49,1,-1.000000,1,-1.356632,1.241629
49,2,-1.220000,1,-1.664935,1.134353
49,3,-1.420000,1,-1.915658,1.008054
49,4,-1.610000,1,-2.116555,0.884966
49,5,-1.790000,1,-2.280174,0.775375
49,6,-1.970000,0,-1.403571,0.754751
49,7,-1.780000,1,-1.538833,0.689456
49,8,-1.830000,1,-1.655753,0.623962
49,9,-1.870000,1,-1.755874,0.563714
49,10,-1.890000,1,-1.842199,0.509757
49,11,-1.920000,1,-1.916352,0.469650
49,12,-1.930000,1,-1.980952,0.440520
49,13,-1.950000,1,-2.038938,0.425100
49,14,-1.960000,1,-2.091709,0.419300
49,15,-1.980000,0,-1.853338,0.307420
49,16,-1.930000,1,-1.886014,0.261760
49,17,-1.940000,1,-1.912276,0.225574
49,18,-1.950000,1,-1.933842,0.198895
49,19,-1.960000,1,-1.952123,0.181262
49,20,-1.970000,0,-1.889711,0.202187
49,21,-1.940000,1,-1.907737,0.169542
49,22,-1.950000,1,-1.922376,0.143532
49,23,-1.950000,1,-1.934603,0.122565
49,24,-1.960000,1,-1.944981,0.106785
49,25,-1.970000,1,-1.954040,0.095312
49,26,-1.970000,1,-1.962103,0.086980
49,27,-1.980000,0,-1.933292,0.100224
49,28,-1.960000,1,-1.941530,0.087628
49,29,-1.960000,1,-1.948802,0.077790
49,30,-1.970000,1,-1.955344,0.070476
49,31,-1.970000,1,-1.961296,0.064866
49,32,-1.970000,1,-1.966760,0.060595
49,33,-1.980000,1,-1.971876,0.057470
49,34,-1.980000,1,-1.976660,0.055075
49,35,-1.990000,1,-1.981218,0.053330
49,36,-1.990000,1,-1.985537,0.051994
49,37,-1.990000,1,-1.989642,0.050986
49,38,-2.000000,1,-1.993620,0.050339
49,39,-2.000000,0,-1.977284,0.048781
49,40,-1.990000,0,-1.961542,0.051113
