repetition, trial, tTest, response, quantile_mean, quantile_sd
1,1,-0.647661,1,-1.323926,1.216125
1,2,-1.106588,1,-1.620842,1.117931
1,3,-1.474511,1,-1.884288,1.012953
1,4,-1.776842,1,-2.115703,0.908826
1,5,-2.034154,1,-2.316118,0.807871
1,6,-2.251309,1,-2.489290,0.713671
1,7,-2.437984,1,-2.638615,0.627468
1,8,-2.598948,0,-2.075473,0.639530
1,9,-2.174424,1,-2.198419,0.539696
1,10,-2.274347,0,-1.782510,0.680913
1,11,-1.927479,0,-1.217561,0.800517
1,12,-1.366183,1,-1.398771,0.686039
1,13,-1.533929,1,-1.535788,0.577086
1,14,-1.632809,1,-1.637812,0.480224
1,15,-1.701383,1,-1.714073,0.398076
1,16,-1.752375,1,-1.771920,0.330343
1,17,-1.791847,1,-1.816787,0.276102
1,18,-1.823648,1,-1.852484,0.233446
1,19,-1.850079,1,-1.881918,0.201208
1,20,-1.872854,1,-1.906795,0.177036
1,21,-1.892778,1,-1.928524,0.159651
1,22,-1.910659,1,-1.948164,0.147728
1,23,-1.927022,1,-1.966505,0.140048
1,24,-1.942396,1,-1.983577,0.135067
1,25,-1.956667,1,-2.000337,0.132549
1,26,-1.970552,0,-1.917706,0.104949
1,27,-1.913678,1,-1.929102,0.095388
1,28,-1.924113,1,-1.939354,0.088276
1,29,-1.933653,1,-1.948731,0.083033
1,30,-1.942479,1,-1.957439,0.079208
1,31,-1.950733,1,-1.965634,0.076473
1,32,-1.958450,1,-1.973442,0.074595
1,33,-1.965763,1,-1.980966,0.073421
1,34,-1.972794,1,-1.988092,0.072651
1,35,-1.979420,1,-1.995082,0.072419
1,36,-1.985739,1,-2.002012,0.072693
1,37,-1.991963,1,-2.008728,0.073219
1,38,-1.997865,1,-2.015502,0.074213
1,39,-2.003672,1,-2.022148,0.075409
1,40,-2.009309,1,-2.028967,0.077059
2,1,-0.647661,1,-1.323926,1.216125
2,2,-1.106588,1,-1.620842,1.117931
2,3,-1.474511,1,-1.884288,1.012953
2,4,-1.776842,1,-2.115703,0.908826
2,5,-2.034154,1,-2.316118,0.807871
2,6,-2.251309,1,-2.489290,0.713671
2,7,-2.437984,1,-2.638615,0.627468
2,8,-2.598948,0,-2.075473,0.639530
2,9,-2.174424,1,-2.198419,0.539696
2,10,-2.274347,0,-1.782510,0.680913
2,11,-1.927479,1,-1.917327,0.571856
2,12,-2.034619,0,-1.482625,0.736963
2,13,-1.649204,1,-1.637572,0.622121
2,14,-1.779045,1,-1.751521,0.517536
2,15,-1.852528,0,-1.386007,0.696774
2,16,-1.577842,1,-1.526176,0.584380
2,17,-1.672028,1,-1.626510,0.482292
2,18,-1.724748,1,-1.697909,0.393810
2,19,-1.759838,1,-1.748989,0.321046
2,20,-1.785937,1,-1.786501,0.262620
2,21,-1.806911,1,-1.814983,0.216073
2,22,-1.824421,1,-1.837227,0.179089
2,23,-1.839370,1,-1.855316,0.151356
2,24,-1.852671,1,-1.870493,0.130446
2,25,-1.864616,1,-1.883636,0.115121
2,26,-1.875525,1,-1.895635,0.104608
2,27,-1.885883,1,-1.906701,0.097304
2,28,-1.895634,1,-1.917119,0.092402
2,29,-1.904912,1,-1.926795,0.088978
2,30,-1.913594,1,-1.936152,0.086879
2,31,-1.921989,0,-1.890039,0.077399
2,32,-1.885525,1,-1.897542,0.072348
2,33,-1.892661,1,-1.904448,0.068483
2,34,-1.899313,1,-1.910998,0.065630
2,35,-1.905580,1,-1.917270,0.063505
2,36,-1.911687,1,-1.923190,0.061807
2,37,-1.917398,1,-1.928941,0.060535
2,38,-1.922962,1,-1.934423,0.059495
2,39,-1.928264,1,-1.939811,0.058742
2,40,-1.933422,1,-1.944992,0.058134
3,1,-0.647661,1,-1.323926,1.216125
3,2,-1.106588,1,-1.620842,1.117931
3,3,-1.474511,1,-1.884288,1.012953
3,4,-1.776842,1,-2.115703,0.908826
3,5,-2.034154,0,-1.260726,0.814228
3,6,-1.397610,1,-1.443095,0.702796
3,7,-1.562178,1,-1.582147,0.598809
3,8,-1.661545,1,-1.687207,0.508732
3,9,-1.731399,1,-1.767418,0.435381
3,10,-1.783654,1,-1.829960,0.378778
3,11,-1.824495,1,-1.880218,0.338221
3,12,-1.857870,1,-1.922666,0.312936
3,13,-1.886651,1,-1.959975,0.299708
3,14,-1.912027,1,-1.993543,0.295170
3,15,-1.934513,1,-2.024909,0.297436
3,16,-1.954907,1,-2.055346,0.304841
3,17,-1.973789,1,-2.085933,0.316093
3,18,-1.991625,1,-2.117625,0.330240
3,19,-2.008782,1,-2.151300,0.346546
3,20,-2.025620,1,-2.187782,0.364340
3,21,-2.042530,1,-2.225574,0.381368
3,22,-2.059260,0,-2.002143,0.119554
3,23,-1.991262,1,-2.013749,0.119358
3,24,-2.001649,1,-2.024705,0.121083
3,25,-2.011279,0,-1.973822,0.086606
3,26,-1.970484,1,-1.982978,0.080724
3,27,-1.979280,1,-1.991358,0.076278
3,28,-1.987374,1,-1.999114,0.072945
3,29,-1.994933,1,-2.006221,0.070335
3,30,-2.001920,1,-2.012912,0.068468
3,31,-2.008479,0,-1.983416,0.066371
3,32,-1.980715,1,-1.989842,0.063158
3,33,-1.986982,1,-1.995864,0.060541
3,34,-1.992951,1,-2.001447,0.058295
3,35,-1.998515,1,-2.006746,0.056416
3,36,-2.003765,0,-1.982740,0.058119
3,37,-1.980538,0,-1.958331,0.062136
3,38,-1.956743,1,-1.964021,0.058914
3,39,-1.962306,1,-1.969260,0.056230
3,40,-1.967425,1,-1.974194,0.054023
4,1,-0.647661,1,-1.323926,1.216125
4,2,-1.106588,1,-1.620842,1.117931
4,3,-1.474511,1,-1.884288,1.012953
4,4,-1.776842,1,-2.115703,0.908826
4,5,-2.034154,1,-2.316118,0.807871
4,6,-2.251309,1,-2.489290,0.713671
4,7,-2.437984,1,-2.638615,0.627468
4,8,-2.598948,1,-2.766746,0.549241
4,9,-2.736569,0,-2.280829,0.574690
4,10,-2.363233,0,-1.815636,0.695929
4,11,-1.943222,1,-1.955625,0.586417
4,12,-2.059330,1,-2.060686,0.489116
4,13,-2.132665,0,-1.707176,0.652123
4,14,-1.869620,1,-1.830878,0.544070
4,15,-1.951823,0,-1.447328,0.723679
4,16,-1.628980,1,-1.597733,0.608975
4,17,-1.748851,1,-1.706612,0.504871
4,18,-1.814024,1,-1.784636,0.413578
4,19,-1.855005,1,-1.840411,0.338482
4,20,-1.884493,1,-1.881431,0.275582
4,21,-1.906904,0,-1.743814,0.404899
4,22,-1.820753,1,-1.795683,0.328981
4,23,-1.844819,1,-1.832915,0.266126
4,24,-1.862992,1,-1.860054,0.215978
4,25,-1.877616,1,-1.880479,0.176993
4,26,-1.890060,1,-1.896463,0.146419
4,27,-1.900760,1,-1.909390,0.122943
4,28,-1.910283,1,-1.920216,0.105259
4,29,-1.918870,1,-1.929586,0.092165
4,30,-1.926758,0,-1.891331,0.119866
4,31,-1.894134,1,-1.901181,0.101491
4,32,-1.901769,1,-1.909576,0.087831
4,33,-1.908738,1,-1.916955,0.077784
4,34,-1.915158,0,-1.887208,0.099188
4,35,-1.888697,1,-1.895064,0.085543
4,36,-1.895077,1,-1.901941,0.075465
4,37,-1.901101,1,-1.908041,0.067843
4,38,-1.906539,1,-1.913616,0.062287
4,39,-1.911764,1,-1.918715,0.058079
4,40,-1.916566,0,-1.897114,0.066285
5,1,-0.647661,1,-1.323926,1.216125
5,2,-1.106588,1,-1.620842,1.117931
5,3,-1.474511,1,-1.884288,1.012953
5,4,-1.776842,1,-2.115703,0.908826
5,5,-2.034154,0,-1.260726,0.814228
5,6,-1.397610,1,-1.443095,0.702796
5,7,-1.562178,1,-1.582147,0.598809
5,8,-1.661545,1,-1.687207,0.508732
5,9,-1.731399,1,-1.767418,0.435381
5,10,-1.783654,1,-1.829960,0.378778
5,11,-1.824495,1,-1.880218,0.338221
5,12,-1.857870,1,-1.922666,0.312936
5,13,-1.886651,1,-1.959975,0.299708
5,14,-1.912027,1,-1.993543,0.295170
5,15,-1.934513,1,-2.024909,0.297436
5,16,-1.954907,1,-2.055346,0.304841
5,17,-1.973789,1,-2.085933,0.316093
5,18,-1.991625,1,-2.117625,0.330240
5,19,-2.008782,1,-2.151300,0.346546
5,20,-2.025620,1,-2.187782,0.364340
5,21,-2.042530,0,-1.983772,0.121941
5,22,-1.974184,1,-1.995897,0.119430
5,23,-1.985053,1,-2.007448,0.119827
5,24,-1.995267,1,-2.018424,0.122220
5,25,-2.004762,1,-2.028698,0.125710
5,26,-2.013457,1,-2.038731,0.130726
5,27,-2.021658,0,-1.990194,0.076238
5,28,-1.986299,0,-1.954919,0.081005
5,29,-1.953018,1,-1.963088,0.074634
5,30,-1.960825,1,-1.970527,0.069695
5,31,-1.967968,1,-1.977385,0.065810
5,32,-1.974632,1,-1.983656,0.062601
5,33,-1.980848,1,-1.989538,0.060000
5,34,-1.986604,1,-1.995095,0.057856
5,35,-1.992151,1,-2.000282,0.055992
5,36,-1.997297,1,-2.005236,0.054421
5,37,-2.002261,1,-2.009902,0.053026
5,38,-2.006902,1,-2.014397,0.051841
5,39,-2.011445,1,-2.018662,0.050781
5,40,-2.015664,1,-2.022800,0.049894
6,1,-0.647661,1,-1.323926,1.216125
6,2,-1.106588,1,-1.620842,1.117931
6,3,-1.474511,1,-1.884288,1.012953
6,4,-1.776842,1,-2.115703,0.908826
6,5,-2.034154,0,-1.260726,0.814228
6,6,-1.397610,1,-1.443095,0.702796
6,7,-1.562178,1,-1.582147,0.598809
6,8,-1.661545,1,-1.687207,0.508732
6,9,-1.731399,1,-1.767418,0.435381
6,10,-1.783654,1,-1.829960,0.378778
6,11,-1.824495,1,-1.880218,0.338221
6,12,-1.857870,1,-1.922666,0.312936
6,13,-1.886651,1,-1.959975,0.299708
6,14,-1.912027,1,-1.993543,0.295170
6,15,-1.934513,1,-2.024909,0.297436
6,16,-1.954907,1,-2.055346,0.304841
6,17,-1.973789,1,-2.085933,0.316093
6,18,-1.991625,1,-2.117625,0.330240
6,19,-2.008782,1,-2.151300,0.346546
6,20,-2.025620,1,-2.187782,0.364340
6,21,-2.042530,1,-2.225574,0.381368
6,22,-2.059260,1,-2.267099,0.398514
6,23,-2.076819,0,-2.019521,0.119609
6,24,-2.007260,1,-2.030862,0.121360
6,25,-2.017294,0,-1.979850,0.087308
6,26,-1.976243,1,-1.989273,0.081527
6,27,-1.985360,1,-1.997908,0.077117
6,28,-1.993791,1,-2.005756,0.073609
6,29,-2.001506,1,-2.013077,0.070985
6,30,-2.008693,1,-2.019967,0.069086
6,31,-2.015424,0,-1.990393,0.067026
6,32,-1.987547,1,-1.996989,0.063831
6,33,-1.994041,1,-2.003058,0.061122
6,34,-2.000129,1,-2.008781,0.058874
6,35,-2.005741,0,-1.984347,0.061014
6,36,-1.982081,1,-1.989976,0.058354
6,37,-1.987623,1,-1.995282,0.056140
6,38,-1.992889,1,-2.000225,0.054203
6,39,-1.997814,1,-2.004936,0.052540
6,40,-2.002524,0,-1.983838,0.054407
7,1,-0.647661,1,-1.323926,1.216125
7,2,-1.106588,1,-1.620842,1.117931
7,3,-1.474511,1,-1.884288,1.012953
7,4,-1.776842,1,-2.115703,0.908826
7,5,-2.034154,1,-2.316118,0.807871
7,6,-2.251309,1,-2.489290,0.713671
7,7,-2.437984,0,-1.842333,0.703598
7,8,-1.958917,0,-1.244781,0.799472
7,9,-1.392568,1,-1.424669,0.684491
7,10,-1.556113,1,-1.560769,0.577240
7,11,-1.655642,1,-1.662616,0.482271
7,12,-1.724943,1,-1.739016,0.400472
7,13,-1.775196,1,-1.797249,0.334948
7,14,-1.814720,1,-1.842532,0.281685
7,15,-1.846076,1,-1.879078,0.241670
7,16,-1.872769,1,-1.909209,0.211301
7,17,-1.895466,1,-1.935366,0.190364
7,18,-1.915855,0,-1.825201,0.213967
7,19,-1.838124,1,-1.848883,0.178526
7,20,-1.855244,1,-1.868048,0.151249
7,21,-1.870065,1,-1.883932,0.130113
7,22,-1.882828,1,-1.897413,0.114161
7,23,-1.894157,1,-1.909140,0.102429
7,24,-1.904363,1,-1.919584,0.094030
7,25,-1.913690,1,-1.929087,0.088204
7,26,-1.922328,1,-1.937899,0.084349
7,27,-1.930425,1,-1.946209,0.082014
7,28,-1.937995,1,-1.954165,0.080887
7,29,-1.945213,1,-1.961889,0.080765
7,30,-1.952177,1,-1.969257,0.081221
7,31,-1.958726,1,-1.976567,0.082464
7,32,-1.965036,1,-1.983913,0.084466
7,33,-1.971265,1,-1.991115,0.086841
7,34,-1.977162,1,-1.998507,0.089943
7,35,-1.983018,1,-2.005862,0.093344
7,36,-1.988684,1,-2.013565,0.097471
7,37,-1.994302,1,-2.021338,0.101828
7,38,-1.999852,1,-2.029634,0.106908
7,39,-2.005369,1,-2.038596,0.112732
7,40,-2.011077,1,-2.047842,0.118662
8,1,-0.647661,1,-1.323926,1.216125
8,2,-1.106588,1,-1.620842,1.117931
8,3,-1.474511,1,-1.884288,1.012953
8,4,-1.776842,1,-2.115703,0.908826
8,5,-2.034154,1,-2.316118,0.807871
8,6,-2.251309,1,-2.489290,0.713671
8,7,-2.437984,0,-1.842333,0.703598
8,8,-1.958917,1,-1.983644,0.597128
8,9,-2.075849,1,-2.090881,0.503524
8,10,-2.150627,1,-2.172133,0.423798
8,11,-2.203661,1,-2.234353,0.359045
8,12,-2.244262,0,-2.000679,0.471680
8,13,-2.093906,1,-2.071229,0.386567
8,14,-2.131794,0,-1.843340,0.554419
8,15,-1.983300,1,-1.934754,0.456173
8,16,-2.031798,0,-1.657650,0.642084
8,17,-1.835706,1,-1.776983,0.534514
8,18,-1.910468,1,-1.861477,0.438932
8,19,-1.952042,0,-1.603286,0.626344
8,20,-1.782927,1,-1.716648,0.518975
8,21,-1.846438,1,-1.795583,0.426015
8,22,-1.882777,0,-1.552719,0.614565
8,23,-1.732712,1,-1.661462,0.508288
8,24,-1.789462,1,-1.736896,0.416022
8,25,-1.822127,1,-1.789842,0.337425
8,26,-1.844245,1,-1.827329,0.272381
8,27,-1.860844,1,-1.854262,0.220518
8,28,-1.874094,1,-1.874291,0.179092
8,29,-1.885204,1,-1.889666,0.147647
8,30,-1.895000,1,-1.901948,0.122732
8,31,-1.903593,1,-1.912095,0.104023
8,32,-1.911427,1,-1.920795,0.090201
8,33,-1.918628,1,-1.928498,0.080126
8,34,-1.925332,1,-1.935501,0.072849
8,35,-1.931742,1,-1.941882,0.067430
8,36,-1.937673,1,-1.947882,0.063542
8,37,-1.943369,1,-1.953476,0.060607
8,38,-1.948776,1,-1.958853,0.058456
8,39,-1.953950,1,-1.963942,0.056763
8,40,-1.958940,1,-1.968903,0.055480
9,1,-0.647661,1,-1.323926,1.216125
9,2,-1.106588,1,-1.620842,1.117931
9,3,-1.474511,1,-1.884288,1.012953
9,4,-1.776842,1,-2.115703,0.908826
9,5,-2.034154,0,-1.260726,0.814228
9,6,-1.397610,1,-1.443095,0.702796
9,7,-1.562178,1,-1.582147,0.598809
9,8,-1.661545,1,-1.687207,0.508732
9,9,-1.731399,1,-1.767418,0.435381
9,10,-1.783654,1,-1.829960,0.378778
9,11,-1.824495,1,-1.880218,0.338221
9,12,-1.857870,1,-1.922666,0.312936
9,13,-1.886651,1,-1.959975,0.299708
9,14,-1.912027,1,-1.993543,0.295170
9,15,-1.934513,1,-2.024909,0.297436
9,16,-1.954907,1,-2.055346,0.304841
9,17,-1.973789,1,-2.085933,0.316093
9,18,-1.991625,1,-2.117625,0.330240
9,19,-2.008782,1,-2.151300,0.346546
9,20,-2.025620,1,-2.187782,0.364340
9,21,-2.042530,1,-2.225574,0.381368
9,22,-2.059260,0,-2.002143,0.119554
9,23,-1.991262,1,-2.013749,0.119358
9,24,-2.001649,1,-2.024705,0.121083
9,25,-2.011279,1,-2.035217,0.124479
9,26,-2.020283,1,-2.045472,0.129399
9,27,-2.028708,1,-2.055648,0.135779
9,28,-2.036688,1,-2.065925,0.143615
9,29,-2.044328,1,-2.076030,0.152009
9,30,-2.051524,1,-2.086524,0.161821
9,31,-2.058434,1,-2.097625,0.173134
9,32,-2.065137,0,-2.041780,0.067261
9,33,-2.037033,0,-2.014202,0.062262
9,34,-2.011203,1,-2.020114,0.059912
9,35,-2.017055,1,-2.025712,0.057924
9,36,-2.022664,1,-2.030941,0.056158
9,37,-2.027900,1,-2.035941,0.054641
9,38,-2.032907,1,-2.040649,0.053276
9,39,-2.037629,1,-2.045186,0.052103
9,40,-2.042196,1,-2.049487,0.051046
10,1,-0.647661,1,-1.323926,1.216125
10,2,-1.106588,1,-1.620842,1.117931
10,3,-1.474511,1,-1.884288,1.012953
10,4,-1.776842,1,-2.115703,0.908826
10,5,-2.034154,1,-2.316118,0.807871
10,6,-2.251309,0,-1.570543,0.764691
10,7,-1.701399,1,-1.732123,0.653104
10,8,-1.839889,1,-1.854700,0.552699
10,9,-1.925211,0,-1.449867,0.695055
10,10,-1.632095,1,-1.588863,0.582649
10,11,-1.726598,1,-1.688584,0.482746
10,12,-1.780845,1,-1.760389,0.396302
10,13,-1.817204,1,-1.812497,0.325379
10,14,-1.844639,1,-1.851293,0.267373
10,15,-1.866416,1,-1.881061,0.223227
10,16,-1.885032,1,-1.904928,0.189992
10,17,-1.901394,1,-1.924654,0.165281
10,18,-1.915813,1,-1.941836,0.148626
10,19,-1.929190,1,-1.957135,0.137762
10,20,-1.941472,1,-1.971150,0.131479
10,21,-1.952919,1,-1.984319,0.128679
10,22,-1.963730,1,-1.996967,0.128469
10,23,-1.974049,1,-2.009344,0.130180
10,24,-1.983998,1,-2.021649,0.133340
10,25,-1.993691,1,-2.034048,0.137628
10,26,-2.003230,0,-1.967720,0.077792
10,27,-1.961589,0,-1.931093,0.082440
10,28,-1.928561,1,-1.938757,0.075073
10,29,-1.935695,1,-1.945793,0.069610
10,30,-1.942449,1,-1.952227,0.065380
10,31,-1.948701,0,-1.924158,0.072199
10,32,-1.922166,1,-1.930533,0.066442
10,33,-1.928199,0,-1.903442,0.077809
10,34,-1.902646,1,-1.909991,0.069996
10,35,-1.908638,1,-1.915952,0.064246
10,36,-1.914197,1,-1.921377,0.059844
10,37,-1.919454,1,-1.926449,0.056535
10,38,-1.924315,1,-1.931153,0.053909
10,39,-1.928985,1,-1.935628,0.051842
10,40,-1.933371,1,-1.939832,0.050113
11,1,-0.647661,1,-1.323926,1.216125
11,2,-1.106588,1,-1.620842,1.117931
11,3,-1.474511,1,-1.884288,1.012953
11,4,-1.776842,1,-2.115703,0.908826
11,5,-2.034154,1,-2.316118,0.807871
11,6,-2.251309,0,-1.570543,0.764691
11,7,-1.701399,1,-1.732123,0.653104
11,8,-1.839889,1,-1.854700,0.552699
11,9,-1.925211,1,-1.947363,0.467674
11,10,-1.985961,1,-2.018421,0.398676
11,11,-2.032269,1,-2.073986,0.344767
11,12,-2.068844,0,-1.862598,0.426574
11,13,-1.935756,1,-1.921905,0.350047
11,14,-1.968451,0,-1.727857,0.505137
11,15,-1.845645,1,-1.804124,0.414562
11,16,-1.883079,1,-1.858583,0.336822
11,17,-1.908812,1,-1.897497,0.273695
11,18,-1.928323,0,-1.769874,0.409160
11,19,-1.852181,1,-1.821693,0.331865
11,20,-1.874531,1,-1.858473,0.267960
11,21,-1.891279,1,-1.884962,0.217022
11,22,-1.904624,1,-1.904693,0.176337
11,23,-1.915765,1,-1.919851,0.145443
11,24,-1.925540,1,-1.932025,0.121611
11,25,-1.934237,1,-1.942070,0.103022
11,26,-1.942006,1,-1.950655,0.089254
11,27,-1.949143,0,-1.915488,0.119758
11,28,-1.919106,1,-1.924904,0.101059
11,29,-1.926148,1,-1.932900,0.087094
11,30,-1.932687,1,-1.939828,0.076477
11,31,-1.938661,1,-1.946034,0.068754
11,32,-1.944207,1,-1.951628,0.062972
11,33,-1.949459,1,-1.956827,0.058771
11,34,-1.954333,1,-1.961637,0.055574
11,35,-1.959024,1,-1.966210,0.053178
11,36,-1.963447,1,-1.970510,0.051268
11,37,-1.967685,1,-1.974658,0.049761
11,38,-1.971811,1,-1.978600,0.048491
11,39,-1.975680,1,-1.982436,0.047440
11,40,-1.979574,1,-1.986110,0.046512
12,1,-0.647661,1,-1.323926,1.216125
12,2,-1.106588,1,-1.620842,1.117931
12,3,-1.474511,1,-1.884288,1.012953
12,4,-1.776842,1,-2.115703,0.908826
12,5,-2.034154,1,-2.316118,0.807871
12,6,-2.251309,1,-2.489290,0.713671
12,7,-2.437984,0,-1.842333,0.703598
12,8,-1.958917,1,-1.983644,0.597128
12,9,-2.075849,1,-2.090881,0.503524
12,10,-2.150627,1,-2.172133,0.423798
12,11,-2.203661,0,-1.881578,0.560196
12,12,-2.011475,0,-1.480650,0.734376
12,13,-1.650356,1,-1.634847,0.619178
12,14,-1.779914,1,-1.747844,0.514271
12,15,-1.852636,1,-1.829515,0.422463
12,16,-1.899214,1,-1.888580,0.345807
12,17,-1.932522,1,-1.932081,0.282520
12,18,-1.957943,1,-1.964804,0.232390
12,19,-1.978626,1,-1.990239,0.192835
12,20,-1.995945,1,-2.010706,0.162467
12,21,-2.011065,1,-2.027634,0.139038
12,22,-2.024244,0,-1.956657,0.189344
12,23,-1.968632,1,-1.974924,0.156736
12,24,-1.981193,1,-1.989590,0.131331
12,25,-1.992074,1,-2.001722,0.111922
12,26,-2.001747,1,-2.012066,0.097339
12,27,-2.010502,1,-2.021131,0.086527
12,28,-2.018469,0,-1.983421,0.108803
12,29,-1.985019,1,-1.992935,0.094071
12,30,-1.992948,1,-2.001133,0.082713
12,31,-2.000131,1,-2.008416,0.074325
12,32,-2.006640,1,-2.015024,0.068129
12,33,-2.012809,1,-2.021022,0.063377
12,34,-2.018517,0,-1.995257,0.072300
12,35,-1.994236,1,-2.001354,0.065828
12,36,-1.999942,1,-2.006950,0.061049
12,37,-2.005137,1,-2.012158,0.057465
12,38,-2.010237,1,-2.016982,0.054636
12,39,-2.014840,1,-2.021473,0.052363
12,40,-2.019312,0,-2.001678,0.055914
13,1,-0.647661,1,-1.323926,1.216125
13,2,-1.106588,1,-1.620842,1.117931
13,3,-1.474511,1,-1.884288,1.012953
13,4,-1.776842,1,-2.115703,0.908826
13,5,-2.034154,1,-2.316118,0.807871
13,6,-2.251309,1,-2.489290,0.713671
13,7,-2.437984,0,-1.842333,0.703598
13,8,-1.958917,1,-1.983644,0.597128
13,9,-2.075849,0,-1.523678,0.733190
13,10,-1.685831,1,-1.676806,0.619451
13,11,-1.813647,1,-1.789803,0.515144
13,12,-1.885459,1,-1.871963,0.425948
13,13,-1.933518,1,-1.932467,0.350069
13,14,-1.968335,1,-1.977627,0.289339
13,15,-1.995786,1,-2.012458,0.241741
13,16,-2.018543,0,-1.882780,0.338928
13,17,-1.931610,1,-1.923117,0.275572
13,18,-1.953016,1,-1.952903,0.224498
13,19,-1.970177,1,-1.975517,0.184532
13,20,-1.984465,1,-1.993259,0.153139
13,21,-1.996743,1,-2.007746,0.129751
13,22,-2.007749,1,-2.019964,0.112119
13,23,-2.017636,0,-1.970844,0.149426
13,24,-1.977242,1,-1.983986,0.125054
13,25,-1.986828,1,-1.994879,0.106459
13,26,-1.995410,1,-2.004194,0.092476
13,27,-2.003247,1,-2.012278,0.081777
13,28,-2.010390,1,-2.019524,0.073943
13,29,-2.016927,1,-2.026151,0.068211
13,30,-2.023137,1,-2.032203,0.063852
13,31,-2.028932,1,-2.037890,0.060628
13,32,-2.034376,0,-2.012018,0.065812
13,33,-2.010158,1,-2.017634,0.061188
13,34,-2.015397,1,-2.022882,0.057735
13,35,-2.020537,0,-2.000068,0.064314
13,36,-1.998805,1,-2.005374,0.059558
13,37,-2.003761,1,-2.010238,0.055912
13,38,-2.008455,1,-2.014818,0.053158
13,39,-2.012887,1,-2.019093,0.050955
13,40,-2.017066,1,-2.023179,0.049207
14,1,-0.647661,1,-1.323926,1.216125
14,2,-1.106588,1,-1.620842,1.117931
14,3,-1.474511,1,-1.884288,1.012953
14,4,-1.776842,1,-2.115703,0.908826
14,5,-2.034154,1,-2.316118,0.807871
14,6,-2.251309,1,-2.489290,0.713671
14,7,-2.437984,0,-1.842333,0.703598
14,8,-1.958917,1,-1.983644,0.597128
14,9,-2.075849,1,-2.090881,0.503524
14,10,-2.150627,0,-1.726474,0.650163
14,11,-1.886514,1,-1.849469,0.543040
14,12,-1.969065,0,-1.471896,0.719842
14,13,-1.652076,1,-1.620727,0.604991
14,14,-1.769865,1,-1.728359,0.501245
14,15,-1.833970,1,-1.805473,0.410544
14,16,-1.874537,1,-1.860821,0.334422
14,17,-1.903409,1,-1.901157,0.272506
14,18,-1.925680,1,-1.931370,0.224056
14,19,-1.944093,1,-1.954790,0.185161
14,20,-1.959549,1,-1.973587,0.155701
14,21,-1.973086,1,-1.989155,0.133276
14,22,-1.985117,1,-2.002695,0.117200
14,23,-1.996261,1,-2.014724,0.105562
14,24,-2.006545,1,-2.025687,0.097388
14,25,-2.016152,1,-2.035903,0.091842
14,26,-2.025235,1,-2.045605,0.088253
14,27,-2.033915,1,-2.054680,0.085837
14,28,-2.042079,0,-2.010525,0.078408
14,29,-2.006565,0,-1.976068,0.092504
14,30,-1.975439,0,-1.939298,0.123063
14,31,-1.943350,0,-1.890813,0.181332
14,32,-1.905359,1,-1.906191,0.148953
14,33,-1.914910,1,-1.918311,0.123063
14,34,-1.923135,1,-1.928127,0.103395
14,35,-1.930513,1,-1.936366,0.088650
14,36,-1.937090,1,-1.943504,0.077710
14,37,-1.943207,1,-1.949777,0.069409
14,38,-1.948836,1,-1.955462,0.063338
14,39,-1.954039,1,-1.960624,0.058736
14,40,-1.958964,1,-1.965445,0.055320
15,1,-0.647661,1,-1.323926,1.216125
15,2,-1.106588,1,-1.620842,1.117931
15,3,-1.474511,1,-1.884288,1.012953
15,4,-1.776842,1,-2.115703,0.908826
15,5,-2.034154,1,-2.316118,0.807871
15,6,-2.251309,1,-2.489290,0.713671
15,7,-2.437984,1,-2.638615,0.627468
15,8,-2.598948,0,-2.075473,0.639530
15,9,-2.174424,1,-2.198419,0.539696
15,10,-2.274347,0,-1.782510,0.680913
15,11,-1.927479,1,-1.917327,0.571856
15,12,-2.034619,1,-2.016779,0.473769
15,13,-2.097782,1,-2.089374,0.390888
15,14,-2.140868,0,-1.846143,0.551047
15,15,-1.979560,1,-1.936809,0.454145
15,16,-2.028663,1,-2.001325,0.371419
15,17,-2.060823,1,-2.047785,0.302329
15,18,-2.084200,1,-2.081800,0.245855
15,19,-2.102520,0,-1.962487,0.369388
15,20,-2.028343,1,-2.006703,0.300019
15,21,-2.048628,1,-2.038566,0.243428
15,22,-2.064266,0,-1.928954,0.372810
15,23,-1.999455,1,-1.972814,0.302243
15,24,-2.018131,0,-1.838361,0.452188
15,25,-1.944435,1,-1.899196,0.367375
15,26,-1.969012,1,-1.941349,0.297609
15,27,-1.986269,1,-1.971216,0.241045
15,28,-1.999670,1,-1.993015,0.195184
15,29,-2.010453,1,-2.009294,0.158892
15,30,-2.019560,1,-2.021856,0.130715
15,31,-2.027452,0,-1.976710,0.194286
15,32,-1.994879,1,-1.992510,0.157414
15,33,-2.003373,0,-1.936341,0.242907
15,34,-1.967090,1,-1.957549,0.196539
15,35,-1.976882,0,-1.889463,0.299693
15,36,-1.937859,0,-1.766776,0.450485
15,37,-1.876881,1,-1.825170,0.367263
15,38,-1.898492,1,-1.865895,0.297240
15,39,-1.913514,0,-1.738887,0.453902
15,40,-1.850867,1,-1.798285,0.369284
16,1,-0.647661,1,-1.323926,1.216125
16,2,-1.106588,1,-1.620842,1.117931
16,3,-1.474511,1,-1.884288,1.012953
16,4,-1.776842,1,-2.115703,0.908826
16,5,-2.034154,1,-2.316118,0.807871
16,6,-2.251309,1,-2.489290,0.713671
16,7,-2.437984,0,-1.842333,0.703598
16,8,-1.958917,1,-1.983644,0.597128
16,9,-2.075849,1,-2.090881,0.503524
16,10,-2.150627,1,-2.172133,0.423798
16,11,-2.203661,1,-2.234353,0.359045
16,12,-2.244262,1,-2.283141,0.309188
16,13,-2.277062,1,-2.323087,0.273851
16,14,-2.305085,0,-2.164698,0.319105
16,15,-2.202602,0,-1.984513,0.464472
16,16,-2.082854,1,-2.052268,0.379521
16,17,-2.117540,1,-2.100548,0.309466
16,18,-2.142247,0,-1.940982,0.460073
16,19,-2.043873,1,-2.006053,0.374944
16,20,-2.074190,1,-2.052016,0.303816
16,21,-2.095401,0,-1.912302,0.448843
16,22,-2.013828,1,-1.973545,0.365090
16,23,-2.040575,0,-1.789298,0.536606
16,24,-1.933091,1,-1.873378,0.440084
16,25,-1.971971,1,-1.931831,0.357816
16,26,-1.996565,1,-1.972657,0.290364
16,27,-2.014263,1,-2.002106,0.234264
16,28,-2.027884,1,-2.023471,0.190301
16,29,-2.039099,1,-2.039622,0.155530
16,30,-2.048580,1,-2.052237,0.128555
16,31,-2.056865,1,-2.062462,0.107971
16,32,-2.064320,0,-2.021489,0.157915
16,33,-2.032069,1,-2.033865,0.129639
16,34,-2.039882,1,-2.043740,0.108069
16,35,-2.046723,0,-2.007186,0.156608
16,36,-2.018291,1,-2.019117,0.128607
16,37,-2.025602,0,-1.977491,0.191177
16,38,-1.995911,1,-1.992586,0.155641
16,39,-2.003998,0,-1.938466,0.241268
16,40,-1.969580,1,-1.959281,0.194800
17,1,-0.647661,1,-1.323926,1.216125
17,2,-1.106588,1,-1.620842,1.117931
17,3,-1.474511,1,-1.884288,1.012953
17,4,-1.776842,1,-2.115703,0.908826
17,5,-2.034154,0,-1.260726,0.814228
17,6,-1.397610,1,-1.443095,0.702796
17,7,-1.562178,1,-1.582147,0.598809
17,8,-1.661545,1,-1.687207,0.508732
17,9,-1.731399,1,-1.767418,0.435381
17,10,-1.783654,1,-1.829960,0.378778
17,11,-1.824495,1,-1.880218,0.338221
17,12,-1.857870,1,-1.922666,0.312936
17,13,-1.886651,0,-1.746119,0.313882
17,14,-1.780603,1,-1.784495,0.258752
17,15,-1.804478,1,-1.813832,0.214948
17,16,-1.823726,1,-1.836896,0.181524
17,17,-1.839949,1,-1.855710,0.157110
17,18,-1.853969,1,-1.871463,0.139570
17,19,-1.866319,1,-1.885291,0.128437
17,20,-1.877634,1,-1.897658,0.121888
17,21,-1.887966,1,-1.909004,0.119014
17,22,-1.897522,1,-1.919662,0.119056
17,23,-1.906467,1,-1.929894,0.121441
17,24,-1.914936,1,-1.939568,0.125101
17,25,-1.922838,1,-1.949153,0.130385
17,26,-1.930444,1,-1.958821,0.137155
17,27,-1.937732,1,-1.968742,0.145365
17,28,-1.944859,1,-1.978603,0.154076
17,29,-1.951703,1,-1.988976,0.164148
17,30,-1.958418,1,-2.000056,0.175648
17,31,-1.965078,1,-2.012068,0.188653
17,32,-1.971787,1,-2.024500,0.201940
17,33,-1.978325,0,-1.956399,0.067053
17,34,-1.950036,1,-1.961812,0.067867
17,35,-1.955109,1,-1.967177,0.069243
17,36,-1.960210,1,-1.972386,0.070957
17,37,-1.964976,1,-1.977451,0.072998
17,38,-1.969681,1,-1.982563,0.075694
17,39,-1.974206,1,-1.987589,0.078748
17,40,-1.978661,1,-1.992733,0.082573
18,1,-0.647661,1,-1.323926,1.216125
18,2,-1.106588,1,-1.620842,1.117931
18,3,-1.474511,1,-1.884288,1.012953
18,4,-1.776842,1,-2.115703,0.908826
18,5,-2.034154,1,-2.316118,0.807871
18,6,-2.251309,1,-2.489290,0.713671
18,7,-2.437984,1,-2.638615,0.627468
18,8,-2.598948,1,-2.766746,0.549241
18,9,-2.736569,1,-2.876583,0.479337
18,10,-2.854676,1,-2.969686,0.416530
18,11,-2.953578,0,-2.603225,0.457157
18,12,-2.658823,1,-2.683303,0.384718
18,13,-2.724426,0,-2.401813,0.500885
18,14,-2.488740,1,-2.489406,0.417289
18,15,-2.556357,1,-2.554865,0.346130
18,16,-2.600972,1,-2.603973,0.286126
18,17,-2.632808,1,-2.641202,0.237025
18,18,-2.657269,0,-2.510549,0.333476
18,19,-2.563607,1,-2.554707,0.273088
18,20,-2.589314,0,-2.410570,0.395272
18,21,-2.488439,0,-2.174833,0.549223
18,22,-2.294993,0,-1.757637,0.704945
18,23,-1.892925,1,-1.900765,0.593720
18,24,-2.012195,0,-1.433871,0.747564
18,25,-1.600477,1,-1.592942,0.632304
18,26,-1.734511,1,-1.710346,0.526098
18,27,-1.810978,1,-1.795687,0.434051
18,28,-1.860891,1,-1.858192,0.356717
18,29,-1.896889,1,-1.904815,0.294171
18,30,-1.925114,0,-1.743076,0.418591
18,31,-1.820997,1,-1.799128,0.340936
18,32,-1.848863,1,-1.839535,0.277511
18,33,-1.869974,1,-1.869413,0.226332
18,34,-1.886794,1,-1.892136,0.186231
18,35,-1.901054,1,-1.910016,0.154656
18,36,-1.913250,1,-1.924521,0.130411
18,37,-1.924031,1,-1.936688,0.112224
18,38,-1.933749,1,-1.947229,0.098883
18,39,-1.942664,1,-1.956633,0.089300
18,40,-1.950964,1,-1.965233,0.082555
19,1,-0.647661,1,-1.323926,1.216125
19,2,-1.106588,1,-1.620842,1.117931
19,3,-1.474511,1,-1.884288,1.012953
19,4,-1.776842,1,-2.115703,0.908826
19,5,-2.034154,1,-2.316118,0.807871
19,6,-2.251309,0,-1.570543,0.764691
19,7,-1.701399,1,-1.732123,0.653104
19,8,-1.839889,1,-1.854700,0.552699
19,9,-1.925211,0,-1.449867,0.695055
19,10,-1.632095,1,-1.588863,0.582649
19,11,-1.726598,1,-1.688584,0.482746
19,12,-1.780845,1,-1.760389,0.396302
19,13,-1.817204,1,-1.812497,0.325379
19,14,-1.844639,1,-1.851293,0.267373
19,15,-1.866416,1,-1.881061,0.223227
19,16,-1.885032,1,-1.904928,0.189992
19,17,-1.901394,1,-1.924654,0.165281
19,18,-1.915813,1,-1.941836,0.148626
19,19,-1.929190,1,-1.957135,0.137762
19,20,-1.941472,1,-1.971150,0.131479
19,21,-1.952919,1,-1.984319,0.128679
19,22,-1.963730,1,-1.996967,0.128469
19,23,-1.974049,1,-2.009344,0.130180
19,24,-1.983998,1,-2.021649,0.133340
19,25,-1.993691,0,-1.956884,0.081931
19,26,-1.951351,1,-1.964874,0.077332
19,27,-1.958922,1,-1.972395,0.074179
19,28,-1.966061,1,-1.979562,0.072116
19,29,-1.972925,0,-1.946599,0.069785
19,30,-1.943285,1,-1.953042,0.065496
19,31,-1.949582,1,-1.959090,0.062253
19,32,-1.955441,1,-1.964820,0.059751
19,33,-1.961149,1,-1.970185,0.057697
19,34,-1.966416,1,-1.975333,0.056057
19,35,-1.971572,1,-1.980200,0.054658
19,36,-1.976373,1,-1.984916,0.053520
19,37,-1.981116,1,-1.989409,0.052531
19,38,-1.985527,1,-1.993796,0.051736
19,39,-1.989965,0,-1.974039,0.050333
19,40,-1.971226,1,-1.978135,0.049151
20,1,-0.647661,1,-1.323926,1.216125
20,2,-1.106588,1,-1.620842,1.117931
20,3,-1.474511,1,-1.884288,1.012953
20,4,-1.776842,1,-2.115703,0.908826
20,5,-2.034154,1,-2.316118,0.807871
20,6,-2.251309,0,-1.570543,0.764691
20,7,-1.701399,1,-1.732123,0.653104
20,8,-1.839889,1,-1.854700,0.552699
20,9,-1.925211,1,-1.947363,0.467674
20,10,-1.985961,1,-2.018421,0.398676
20,11,-2.032269,1,-2.073986,0.344767
20,12,-2.068844,0,-1.862598,0.426574
20,13,-1.935756,1,-1.921905,0.350047
20,14,-1.968451,1,-1.965511,0.286995
20,15,-1.993157,0,-1.812800,0.422487
20,16,-1.895494,1,-1.868887,0.344833
20,17,-1.922701,1,-1.909398,0.279620
20,18,-1.942806,1,-1.938936,0.227057
20,19,-1.958757,1,-1.961070,0.185903
20,20,-1.972052,1,-1.978267,0.153493
20,21,-1.983413,1,-1.992054,0.128559
20,22,-1.993411,0,-1.936970,0.185487
20,23,-1.950749,1,-1.953210,0.152130
20,24,-1.960907,1,-1.966035,0.126311
20,25,-1.969823,1,-1.976529,0.106665
20,26,-1.977732,1,-1.985416,0.091936
20,27,-1.984971,0,-1.948123,0.127298
20,28,-1.953263,1,-1.958197,0.106545
20,29,-1.960659,1,-1.966609,0.090985
20,30,-1.967267,1,-1.973872,0.079450
20,31,-1.973409,1,-1.980241,0.070720
20,32,-1.979082,0,-1.953716,0.089956
20,33,-1.954983,0,-1.920690,0.128376
20,34,-1.927363,1,-1.930273,0.106974
20,35,-1.934021,1,-1.938152,0.090344
20,36,-1.940069,1,-1.944855,0.078026
20,37,-1.945445,0,-1.918892,0.105510
20,38,-1.922876,1,-1.926483,0.089025
20,39,-1.928594,1,-1.932934,0.076807
20,40,-1.933790,1,-1.938533,0.067569
21,1,-0.647661,1,-1.323926,1.216125
21,2,-1.106588,1,-1.620842,1.117931
21,3,-1.474511,1,-1.884288,1.012953
21,4,-1.776842,1,-2.115703,0.908826
21,5,-2.034154,1,-2.316118,0.807871
21,6,-2.251309,1,-2.489290,0.713671
21,7,-2.437984,1,-2.638615,0.627468
21,8,-2.598948,1,-2.766746,0.549241
21,9,-2.736569,1,-2.876583,0.479337
21,10,-2.854676,1,-2.969686,0.416530
21,11,-2.953578,1,-3.048742,0.361412
21,12,-3.037552,1,-3.116149,0.313790
21,13,-3.109712,0,-2.849955,0.354978
21,14,-2.883846,1,-2.908983,0.299228
21,15,-2.932552,1,-2.955340,0.252948
21,16,-2.968918,0,-2.786624,0.330571
21,17,-2.833260,0,-2.561656,0.445259
21,18,-2.633949,1,-2.637330,0.370046
21,19,-2.693027,1,-2.694090,0.306283
21,20,-2.732890,1,-2.736795,0.253340
21,21,-2.761900,1,-2.769366,0.210361
21,22,-2.784360,0,-2.649597,0.299898
21,23,-2.693605,1,-2.689003,0.246424
21,24,-2.717909,0,-2.559708,0.353263
21,25,-2.623275,0,-2.345028,0.496116
21,26,-2.446268,0,-1.991335,0.643725
21,27,-2.110360,1,-2.115981,0.539663
21,28,-2.212462,0,-1.706584,0.696783
21,29,-1.858602,1,-1.846698,0.585683
21,30,-1.970398,0,-1.403175,0.748603
21,31,-1.574254,1,-1.563043,0.632665
21,32,-1.708004,1,-1.680591,0.526973
21,33,-1.785344,1,-1.765933,0.435188
21,34,-1.835506,1,-1.828344,0.357824
21,35,-1.871375,1,-1.874727,0.293508
21,36,-1.898697,1,-1.909913,0.242382
21,37,-1.920984,1,-1.937442,0.202077
21,38,-1.939765,1,-1.959754,0.171307
21,39,-1.956122,1,-1.978593,0.148522
21,40,-1.970927,1,-1.994853,0.131597
22,1,-0.647661,1,-1.323926,1.216125
22,2,-1.106588,1,-1.620842,1.117931
22,3,-1.474511,1,-1.884288,1.012953
22,4,-1.776842,1,-2.115703,0.908826
22,5,-2.034154,1,-2.316118,0.807871
22,6,-2.251309,1,-2.489290,0.713671
22,7,-2.437984,0,-1.842333,0.703598
22,8,-1.958917,1,-1.983644,0.597128
22,9,-2.075849,0,-1.523678,0.733190
22,10,-1.685831,1,-1.676806,0.619451
22,11,-1.813647,1,-1.789803,0.515144
22,12,-1.885459,1,-1.871963,0.425948
22,13,-1.933518,1,-1.932467,0.350069
22,14,-1.968335,1,-1.977627,0.289339
22,15,-1.995786,1,-2.012458,0.241741
22,16,-2.018543,1,-2.040207,0.204926
22,17,-2.037847,1,-2.063148,0.177680
22,18,-2.054793,1,-2.082548,0.157784
22,19,-2.069788,1,-2.099851,0.144714
22,20,-2.083537,0,-2.021211,0.158993
22,21,-2.025925,1,-2.036820,0.134549
22,22,-2.037963,0,-1.976616,0.187654
22,23,-1.989611,1,-1.994246,0.154843
22,24,-2.001457,1,-2.008311,0.129288
22,25,-2.011741,0,-1.953950,0.187292
22,26,-1.968522,0,-1.878715,0.281346
22,27,-1.917404,0,-1.755908,0.421088
22,28,-1.845967,1,-1.809586,0.342893
22,29,-1.869024,1,-1.847673,0.277650
22,30,-1.885759,1,-1.874945,0.225222
22,31,-1.899023,0,-1.785579,0.342591
22,32,-1.846129,1,-1.822885,0.277662
22,33,-1.861948,1,-1.849755,0.224083
22,34,-1.874202,1,-1.869373,0.181151
22,35,-1.884257,0,-1.800586,0.280645
22,36,-1.841432,1,-1.827448,0.226339
22,37,-1.853165,1,-1.846950,0.182802
22,38,-1.862787,1,-1.861494,0.148644
22,39,-1.871009,1,-1.872735,0.122296
22,40,-1.878154,1,-1.881771,0.102265
23,1,-0.647661,1,-1.323926,1.216125
23,2,-1.106588,1,-1.620842,1.117931
23,3,-1.474511,1,-1.884288,1.012953
23,4,-1.776842,1,-2.115703,0.908826
23,5,-2.034154,1,-2.316118,0.807871
23,6,-2.251309,1,-2.489290,0.713671
23,7,-2.437984,1,-2.638615,0.627468
23,8,-2.598948,0,-2.075473,0.639530
23,9,-2.174424,0,-1.542625,0.754844
23,10,-1.684276,1,-1.702851,0.640219
23,11,-1.822898,0,-1.179494,0.779086
23,12,-1.352178,1,-1.354125,0.663873
23,13,-1.508353,1,-1.483535,0.556293
23,14,-1.594469,1,-1.578046,0.460022
23,15,-1.649792,1,-1.647042,0.379213
23,16,-1.689858,1,-1.698411,0.312998
23,17,-1.720824,1,-1.737641,0.260123
23,18,-1.745909,1,-1.768715,0.219660
23,19,-1.767333,1,-1.794214,0.188998
23,20,-1.785940,1,-1.815981,0.166763
23,21,-1.802613,1,-1.834908,0.150787
23,22,-1.817530,1,-1.852290,0.140507
23,23,-1.831501,1,-1.868351,0.134027
23,24,-1.844456,1,-1.883512,0.130382
23,25,-1.856684,1,-1.898694,0.129269
23,26,-1.868754,1,-1.913650,0.129510
23,27,-1.880507,1,-1.928557,0.130647
23,28,-1.892091,1,-1.943550,0.132330
23,29,-1.903692,1,-1.958721,0.134281
23,30,-1.915479,1,-1.974927,0.136714
23,31,-1.928144,1,-1.991464,0.138912
23,32,-1.941599,1,-2.008266,0.140695
23,33,-1.956203,1,-2.026102,0.142268
23,34,-1.973191,1,-2.043970,0.143068
23,35,-1.992845,1,-2.062513,0.143331
23,36,-2.016938,1,-2.082266,0.143251
23,37,-2.045907,1,-2.102800,0.142791
23,38,-2.075089,1,-2.123674,0.142107
23,39,-2.100912,1,-2.143952,0.141113
23,40,-2.122748,1,-2.163490,0.140184
24,1,-0.647661,1,-1.323926,1.216125
24,2,-1.106588,1,-1.620842,1.117931
24,3,-1.474511,1,-1.884288,1.012953
24,4,-1.776842,1,-2.115703,0.908826
24,5,-2.034154,0,-1.260726,0.814228
24,6,-1.397610,1,-1.443095,0.702796
24,7,-1.562178,1,-1.582147,0.598809
24,8,-1.661545,1,-1.687207,0.508732
24,9,-1.731399,1,-1.767418,0.435381
24,10,-1.783654,1,-1.829960,0.378778
24,11,-1.824495,1,-1.880218,0.338221
24,12,-1.857870,1,-1.922666,0.312936
24,13,-1.886651,1,-1.959975,0.299708
24,14,-1.912027,1,-1.993543,0.295170
24,15,-1.934513,1,-2.024909,0.297436
24,16,-1.954907,1,-2.055346,0.304841
24,17,-1.973789,1,-2.085933,0.316093
24,18,-1.991625,0,-1.923136,0.145878
24,19,-1.919338,1,-1.938758,0.132779
24,20,-1.932645,1,-1.952463,0.124204
24,21,-1.944533,1,-1.964747,0.119319
24,22,-1.955297,1,-1.976276,0.117942
24,23,-1.965379,0,-1.926503,0.098864
24,24,-1.924856,1,-1.936554,0.089021
24,25,-1.934001,1,-1.945520,0.081693
24,26,-1.942369,1,-1.953654,0.076272
24,27,-1.950130,1,-1.961143,0.072289
24,28,-1.957258,1,-1.968123,0.069407
24,29,-1.964004,1,-1.974565,0.067234
24,30,-1.970328,1,-1.980676,0.065785
24,31,-1.976209,1,-1.986522,0.064961
24,32,-1.981929,1,-1.992036,0.064540
24,33,-1.987257,1,-1.997380,0.064668
24,34,-1.992428,1,-2.002475,0.065151
24,35,-1.997301,1,-2.007476,0.066202
24,36,-2.002065,1,-2.012293,0.067614
24,37,-2.006556,0,-1.990415,0.051946
24,38,-1.987364,1,-1.994739,0.050864
24,39,-1.991723,1,-1.998852,0.049899
24,40,-1.995797,1,-2.002856,0.049095
25,1,-0.647661,1,-1.323926,1.216125
25,2,-1.106588,1,-1.620842,1.117931
25,3,-1.474511,1,-1.884288,1.012953
25,4,-1.776842,1,-2.115703,0.908826
25,5,-2.034154,1,-2.316118,0.807871
25,6,-2.251309,0,-1.570543,0.764691
25,7,-1.701399,1,-1.732123,0.653104
25,8,-1.839889,1,-1.854700,0.552699
25,9,-1.925211,1,-1.947363,0.467674
25,10,-1.985961,0,-1.629331,0.602091
25,11,-1.779440,1,-1.735262,0.499149
25,12,-1.838827,1,-1.810987,0.410129
25,13,-1.876950,1,-1.865590,0.336073
25,14,-1.904827,1,-1.905824,0.274860
25,15,-1.926523,1,-1.936155,0.227747
25,16,-1.944787,0,-1.820484,0.333634
25,17,-1.870851,1,-1.858170,0.270422
25,18,-1.888881,1,-1.885680,0.219902
25,19,-1.903460,1,-1.906419,0.179514
25,20,-1.915690,1,-1.922575,0.148894
25,21,-1.926494,1,-1.935695,0.125400
25,22,-1.936128,1,-1.946728,0.107759
25,23,-1.944892,0,-1.900251,0.149348
25,24,-1.907158,1,-1.912574,0.124240
25,25,-1.915720,1,-1.922720,0.105151
25,26,-1.923477,1,-1.931283,0.090437
25,27,-1.930517,1,-1.938766,0.079641
25,28,-1.936939,1,-1.945486,0.071782
25,29,-1.943030,1,-1.951552,0.065897
25,30,-1.948701,1,-1.957198,0.061636
25,31,-1.954039,1,-1.962423,0.058407
25,32,-1.959134,1,-1.967399,0.056015
25,33,-1.963940,1,-1.972077,0.054131
25,34,-1.968567,1,-1.976597,0.052686
25,35,-1.973004,1,-1.980894,0.051499
25,36,-1.977245,1,-1.985087,0.050574
25,37,-1.981429,1,-1.989106,0.049797
25,38,-1.985353,1,-1.993057,0.049211
25,39,-1.989312,1,-1.996870,0.048734
25,40,-1.993027,0,-1.979061,0.046573
26,1,-0.647661,1,-1.323926,1.216125
26,2,-1.106588,1,-1.620842,1.117931
26,3,-1.474511,1,-1.884288,1.012953
26,4,-1.776842,1,-2.115703,0.908826
26,5,-2.034154,1,-2.316118,0.807871
26,6,-2.251309,1,-2.489290,0.713671
26,7,-2.437984,0,-1.842333,0.703598
26,8,-1.958917,1,-1.983644,0.597128
26,9,-2.075849,1,-2.090881,0.503524
26,10,-2.150627,1,-2.172133,0.423798
26,11,-2.203661,1,-2.234353,0.359045
26,12,-2.244262,0,-2.000679,0.471680
26,13,-2.093906,1,-2.071229,0.386567
26,14,-2.131794,0,-1.843340,0.554419
26,15,-1.983300,1,-1.934754,0.456173
26,16,-2.031798,1,-1.999237,0.372228
26,17,-2.062630,1,-2.045191,0.302199
26,18,-2.084711,0,-1.891405,0.455115
26,19,-1.994131,1,-1.954268,0.370305
26,20,-2.021722,0,-1.762424,0.544747
26,21,-1.909984,1,-1.848585,0.447731
26,22,-1.950113,0,-1.597806,0.635953
26,23,-1.784512,1,-1.714577,0.527200
26,24,-1.851886,1,-1.795771,0.431975
26,25,-1.888691,1,-1.852285,0.351526
26,26,-1.912852,1,-1.892368,0.284139
26,27,-1.930541,1,-1.921035,0.229929
26,28,-1.944362,1,-1.942178,0.186327
26,29,-1.955767,1,-1.958188,0.153018
26,30,-1.965666,1,-1.970871,0.127182
26,31,-1.974401,0,-1.921128,0.189742
26,32,-1.937025,1,-1.936881,0.155027
26,33,-1.946172,0,-1.882638,0.232655
26,34,-1.909587,1,-1.902965,0.188287
26,35,-1.919579,1,-1.918147,0.153304
26,36,-1.928026,1,-1.929883,0.126202
26,37,-1.935442,1,-1.939311,0.105512
26,38,-1.942168,1,-1.947130,0.089471
26,39,-1.948185,1,-1.953840,0.077624
26,40,-1.953728,1,-1.959710,0.068699
27,1,-0.647661,1,-1.323926,1.216125
27,2,-1.106588,1,-1.620842,1.117931
27,3,-1.474511,1,-1.884288,1.012953
27,4,-1.776842,1,-2.115703,0.908826
27,5,-2.034154,1,-2.316118,0.807871
27,6,-2.251309,1,-2.489290,0.713671
27,7,-2.437984,0,-1.842333,0.703598
27,8,-1.958917,1,-1.983644,0.597128
27,9,-2.075849,1,-2.090881,0.503524
27,10,-2.150627,1,-2.172133,0.423798
27,11,-2.203661,0,-1.881578,0.560196
27,12,-2.011475,1,-1.975860,0.462714
27,13,-2.065119,1,-2.043368,0.380412
27,14,-2.100621,1,-2.092621,0.311218
27,15,-2.126454,1,-2.129057,0.255972
27,16,-2.147061,0,-2.002635,0.372332
27,17,-2.068014,1,-2.048118,0.302866
27,18,-2.089634,1,-2.081073,0.245991
27,19,-2.106215,1,-2.105453,0.200933
27,20,-2.119959,1,-2.124130,0.165093
27,21,-2.131501,0,-2.054994,0.246788
27,22,-2.083586,1,-2.078539,0.199832
27,23,-2.095715,1,-2.096124,0.163614
27,24,-2.106042,1,-2.109848,0.135300
27,25,-2.115027,1,-2.120937,0.113553
27,26,-2.123063,1,-2.130146,0.096635
27,27,-2.130292,0,-2.093263,0.134994
27,28,-2.099836,0,-2.045054,0.202177
27,29,-2.065245,1,-2.061923,0.164771
27,30,-2.074369,1,-2.074877,0.134635
27,31,-2.082166,1,-2.085067,0.111583
27,32,-2.089068,1,-2.093404,0.094195
27,33,-2.095222,1,-2.100482,0.081238
27,34,-2.101008,0,-2.071929,0.112221
27,35,-2.076559,1,-2.080086,0.094476
27,36,-2.082546,1,-2.086929,0.080818
27,37,-2.087938,1,-2.092868,0.070786
27,38,-2.092939,1,-2.098110,0.063250
27,39,-2.097562,0,-2.076600,0.080067
27,40,-2.077954,1,-2.082340,0.069945
28,1,-0.647661,1,-1.323926,1.216125
28,2,-1.106588,1,-1.620842,1.117931
28,3,-1.474511,1,-1.884288,1.012953
28,4,-1.776842,1,-2.115703,0.908826
28,5,-2.034154,1,-2.316118,0.807871
28,6,-2.251309,1,-2.489290,0.713671
28,7,-2.437984,1,-2.638615,0.627468
28,8,-2.598948,0,-2.075473,0.639530
28,9,-2.174424,1,-2.198419,0.539696
28,10,-2.274347,0,-1.782510,0.680913
28,11,-1.927479,1,-1.917327,0.571856
28,12,-2.034619,0,-1.482625,0.736963
28,13,-1.649204,1,-1.637572,0.622121
28,14,-1.779045,1,-1.751521,0.517536
28,15,-1.852528,1,-1.834333,0.425917
28,16,-1.900155,1,-1.894662,0.349344
28,17,-1.934612,0,-1.684542,0.506975
28,18,-1.801221,1,-1.761720,0.415151
28,19,-1.838907,1,-1.816424,0.338210
28,20,-1.865198,1,-1.855836,0.275630
28,21,-1.885385,1,-1.885059,0.225229
28,22,-1.901788,1,-1.907357,0.184698
28,23,-1.915452,1,-1.924926,0.153851
28,24,-1.927529,1,-1.939303,0.130140
28,25,-1.938279,1,-1.951464,0.112333
28,26,-1.948023,1,-1.962086,0.099261
28,27,-1.956999,1,-1.971631,0.089870
28,28,-1.965387,1,-1.980418,0.083268
28,29,-1.973325,1,-1.988474,0.078498
28,30,-1.980744,1,-1.996135,0.075304
28,31,-1.987784,1,-2.003525,0.073259
28,32,-1.994598,1,-2.010530,0.071876
28,33,-2.001109,1,-2.017422,0.071161
28,34,-2.007398,0,-1.984931,0.062503
28,35,-1.980605,1,-1.990600,0.060068
28,36,-1.986076,1,-1.996048,0.058209
28,37,-1.991457,1,-2.001205,0.056683
28,38,-1.996483,1,-2.006219,0.055485
28,39,-2.001451,1,-2.011009,0.054467
28,40,-2.006113,1,-2.015709,0.053664
29,1,-0.647661,1,-1.323926,1.216125
29,2,-1.106588,1,-1.620842,1.117931
29,3,-1.474511,1,-1.884288,1.012953
29,4,-1.776842,1,-2.115703,0.908826
29,5,-2.034154,1,-2.316118,0.807871
29,6,-2.251309,0,-1.570543,0.764691
29,7,-1.701399,1,-1.732123,0.653104
29,8,-1.839889,1,-1.854700,0.552699
29,9,-1.925211,1,-1.947363,0.467674
29,10,-1.985961,1,-2.018421,0.398676
29,11,-2.032269,1,-2.073986,0.344767
29,12,-2.068844,1,-2.119048,0.306360
29,13,-2.099403,0,-1.938291,0.354082
29,14,-1.985801,1,-1.983256,0.290872
29,15,-2.012324,0,-1.826691,0.425671
29,16,-1.909134,1,-1.884207,0.347060
29,17,-1.937850,1,-1.925547,0.282448
29,18,-1.959289,1,-1.955935,0.230046
29,19,-1.976150,1,-1.978834,0.188786
29,20,-1.990284,1,-1.996684,0.156117
29,21,-2.002218,0,-1.928940,0.230424
29,22,-1.952378,1,-1.950815,0.187390
29,23,-1.964740,1,-1.967490,0.153434
29,24,-1.975207,1,-1.980661,0.127897
29,25,-1.984489,0,-1.929002,0.189442
29,26,-1.944828,1,-1.945271,0.154435
29,27,-1.954508,1,-1.957918,0.127349
29,28,-1.962932,1,-1.968116,0.106738
29,29,-1.970478,1,-1.976646,0.091275
29,30,-1.977212,1,-1.984018,0.079805
29,31,-1.983469,1,-1.990488,0.071117
29,32,-1.989250,1,-1.996347,0.064788
29,33,-1.994571,1,-2.001667,0.060016
29,34,-1.999650,1,-2.006639,0.056500
29,35,-2.004340,0,-1.984268,0.063607
29,36,-1.983142,1,-1.989321,0.058642
29,37,-1.987871,0,-1.967955,0.069036
29,38,-1.967751,1,-1.973287,0.062374
29,39,-1.972577,1,-1.978108,0.057359
29,40,-1.977040,1,-1.982590,0.053677
30,1,-0.647661,1,-1.323926,1.216125
30,2,-1.106588,1,-1.620842,1.117931
30,3,-1.474511,1,-1.884288,1.012953
30,4,-1.776842,1,-2.115703,0.908826
30,5,-2.034154,1,-2.316118,0.807871
30,6,-2.251309,1,-2.489290,0.713671
30,7,-2.437984,0,-1.842333,0.703598
30,8,-1.958917,0,-1.244781,0.799472
30,9,-1.392568,1,-1.424669,0.684491
30,10,-1.556113,1,-1.560769,0.577240
30,11,-1.655642,1,-1.662616,0.482271
30,12,-1.724943,1,-1.739016,0.400472
30,13,-1.775196,1,-1.797249,0.334948
30,14,-1.814720,1,-1.842532,0.281685
30,15,-1.846076,1,-1.879078,0.241670
30,16,-1.872769,1,-1.909209,0.211301
30,17,-1.895466,1,-1.935366,0.190364
30,18,-1.915855,1,-1.958655,0.176388
30,19,-1.934281,1,-1.979519,0.167323
30,20,-1.950870,0,-1.880993,0.154440
30,21,-1.883259,1,-1.897557,0.132606
30,22,-1.896755,1,-1.911731,0.116514
30,23,-1.908893,1,-1.924068,0.104506
30,24,-1.919771,1,-1.935036,0.095766
30,25,-1.929636,1,-1.944982,0.089588
30,26,-1.938694,1,-1.954166,0.085397
30,27,-1.947114,1,-1.962785,0.082759
30,28,-1.955032,1,-1.970995,0.081365
30,29,-1.962557,1,-1.978709,0.080730
30,30,-1.969591,1,-1.986228,0.080988
30,31,-1.976245,1,-1.993652,0.082061
30,32,-1.982737,1,-2.000830,0.083571
30,33,-1.988896,1,-2.008071,0.085816
30,34,-1.994854,0,-1.972105,0.059463
30,35,-1.968157,1,-1.977497,0.057961
30,36,-1.973456,1,-1.982584,0.056693
30,37,-1.978496,0,-1.959728,0.055601
30,38,-1.956911,1,-1.964625,0.053851
30,39,-1.961815,1,-1.969230,0.052308
30,40,-1.966369,1,-1.973663,0.050981
31,1,-0.647661,1,-1.323926,1.216125
31,2,-1.106588,1,-1.620842,1.117931
31,3,-1.474511,1,-1.884288,1.012953
31,4,-1.776842,1,-2.115703,0.908826
31,5,-2.034154,0,-1.260726,0.814228
31,6,-1.397610,1,-1.443095,0.702796
31,7,-1.562178,1,-1.582147,0.598809
31,8,-1.661545,1,-1.687207,0.508732
31,9,-1.731399,1,-1.767418,0.435381
31,10,-1.783654,1,-1.829960,0.378778
31,11,-1.824495,1,-1.880218,0.338221
31,12,-1.857870,1,-1.922666,0.312936
31,13,-1.886651,1,-1.959975,0.299708
31,14,-1.912027,1,-1.993543,0.295170
31,15,-1.934513,1,-2.024909,0.297436
31,16,-1.954907,1,-2.055346,0.304841
31,17,-1.973789,1,-2.085933,0.316093
31,18,-1.991625,0,-1.923136,0.145878
31,19,-1.919338,1,-1.938758,0.132779
31,20,-1.932645,1,-1.952463,0.124204
31,21,-1.944533,1,-1.964747,0.119319
31,22,-1.955297,1,-1.976276,0.117942
31,23,-1.965379,1,-1.987119,0.118972
31,24,-1.974739,1,-1.997197,0.121402
31,25,-1.983310,0,-1.949052,0.083162
31,26,-1.945981,1,-1.957483,0.077630
31,27,-1.953985,1,-1.965101,0.073376
31,28,-1.961322,1,-1.972175,0.070292
31,29,-1.968139,1,-1.978816,0.068125
31,30,-1.974561,0,-1.948591,0.067693
31,31,-1.946207,1,-1.955056,0.063902
31,32,-1.952494,1,-1.960987,0.060808
31,33,-1.958296,0,-1.935353,0.065217
31,34,-1.933648,1,-1.941294,0.061307
31,35,-1.939419,1,-1.946825,0.058236
31,36,-1.944731,1,-1.951930,0.055696
31,37,-1.949820,1,-1.956761,0.053620
31,38,-1.954504,1,-1.961275,0.051831
31,39,-1.959037,1,-1.965596,0.050313
31,40,-1.963297,0,-1.946051,0.052096
32,1,-0.647661,1,-1.323926,1.216125
32,2,-1.106588,1,-1.620842,1.117931
32,3,-1.474511,1,-1.884288,1.012953
32,4,-1.776842,1,-2.115703,0.908826
32,5,-2.034154,0,-1.260726,0.814228
32,6,-1.397610,1,-1.443095,0.702796
32,7,-1.562178,1,-1.582147,0.598809
32,8,-1.661545,1,-1.687207,0.508732
32,9,-1.731399,1,-1.767418,0.435381
32,10,-1.783654,1,-1.829960,0.378778
32,11,-1.824495,1,-1.880218,0.338221
32,12,-1.857870,1,-1.922666,0.312936
32,13,-1.886651,1,-1.959975,0.299708
32,14,-1.912027,1,-1.993543,0.295170
32,15,-1.934513,1,-2.024909,0.297436
32,16,-1.954907,1,-2.055346,0.304841
32,17,-1.973789,1,-2.085933,0.316093
32,18,-1.991625,0,-1.923136,0.145878
32,19,-1.919338,1,-1.938758,0.132779
32,20,-1.932645,1,-1.952463,0.124204
32,21,-1.944533,1,-1.964747,0.119319
32,22,-1.955297,1,-1.976276,0.117942
32,23,-1.965379,1,-1.987119,0.118972
32,24,-1.974739,1,-1.997197,0.121402
32,25,-1.983310,1,-2.006965,0.125538
32,26,-1.991399,1,-2.016608,0.131228
32,27,-1.999055,1,-2.026302,0.138410
32,28,-2.006335,1,-2.036229,0.147097
32,29,-2.013390,1,-2.046110,0.156348
32,30,-2.020106,1,-2.056522,0.167088
32,31,-2.026542,1,-2.067698,0.179416
32,32,-2.032928,1,-2.079215,0.192171
32,33,-2.039079,1,-2.091888,0.206555
32,34,-2.045141,1,-2.106053,0.222660
32,35,-2.051289,1,-2.121056,0.238993
32,36,-2.057265,0,-2.037085,0.068610
32,37,-2.031185,1,-2.042129,0.070262
32,38,-2.035841,1,-2.047157,0.072591
32,39,-2.040505,0,-2.023866,0.051864
32,40,-2.020673,1,-2.028132,0.050915
33,1,-0.647661,1,-1.323926,1.216125
33,2,-1.106588,1,-1.620842,1.117931
33,3,-1.474511,1,-1.884288,1.012953
33,4,-1.776842,1,-2.115703,0.908826
33,5,-2.034154,1,-2.316118,0.807871
33,6,-2.251309,1,-2.489290,0.713671
33,7,-2.437984,0,-1.842333,0.703598
33,8,-1.958917,1,-1.983644,0.597128
33,9,-2.075849,1,-2.090881,0.503524
33,10,-2.150627,0,-1.726474,0.650163
33,11,-1.886514,1,-1.849469,0.543040
33,12,-1.969065,1,-1.938294,0.448262
33,13,-2.017855,1,-2.002367,0.368018
33,14,-2.051519,1,-2.049316,0.301460
33,15,-2.076846,1,-2.084449,0.248904
33,16,-2.097486,1,-2.111702,0.207884
33,17,-2.114934,0,-2.004688,0.298946
33,18,-2.043649,1,-2.037213,0.242380
33,19,-2.060507,1,-2.061314,0.197773
33,20,-2.074310,1,-2.079803,0.162491
33,21,-2.086060,0,-2.013539,0.237950
33,22,-2.039052,1,-2.035981,0.193471
33,23,-2.051225,0,-1.957807,0.294740
33,24,-2.001277,1,-1.987733,0.238151
33,25,-2.014919,1,-2.009545,0.192437
33,26,-2.025980,1,-2.025786,0.157381
33,27,-2.035447,1,-2.038454,0.130076
33,28,-2.043735,1,-2.048654,0.108552
33,29,-2.051074,0,-2.009161,0.158040
33,30,-2.020027,1,-2.021480,0.129826
33,31,-2.027665,1,-2.031311,0.108255
33,32,-2.034523,1,-2.039408,0.091521
33,33,-2.040746,1,-2.046317,0.079156
33,34,-2.046352,1,-2.052402,0.070098
33,35,-2.051694,1,-2.057829,0.063295
33,36,-2.056557,0,-2.035441,0.078022
33,37,-2.035942,1,-2.041254,0.068873
33,38,-2.041027,1,-2.046428,0.061999
33,39,-2.045603,1,-2.051172,0.057012
33,40,-2.050110,1,-2.055530,0.053249
34,1,-0.647661,1,-1.323926,1.216125
34,2,-1.106588,1,-1.620842,1.117931
34,3,-1.474511,1,-1.884288,1.012953
34,4,-1.776842,1,-2.115703,0.908826
34,5,-2.034154,0,-1.260726,0.814228
34,6,-1.397610,1,-1.443095,0.702796
34,7,-1.562178,1,-1.582147,0.598809
34,8,-1.661545,1,-1.687207,0.508732
34,9,-1.731399,1,-1.767418,0.435381
34,10,-1.783654,1,-1.829960,0.378778
34,11,-1.824495,1,-1.880218,0.338221
34,12,-1.857870,1,-1.922666,0.312936
34,13,-1.886651,1,-1.959975,0.299708
34,14,-1.912027,1,-1.993543,0.295170
34,15,-1.934513,1,-2.024909,0.297436
34,16,-1.954907,1,-2.055346,0.304841
34,17,-1.973789,0,-1.897369,0.164481
34,18,-1.896911,1,-1.915203,0.145759
34,19,-1.911532,0,-1.842161,0.179714
34,20,-1.852067,1,-1.860784,0.150259
34,21,-1.865880,1,-1.876021,0.127907
34,22,-1.877996,1,-1.888805,0.110699
34,23,-1.888653,1,-1.899789,0.097686
34,24,-1.898174,1,-1.909444,0.087994
34,25,-1.906816,1,-1.918104,0.080872
34,26,-1.914782,1,-1.925867,0.075497
34,27,-1.922073,1,-1.933039,0.071667
34,28,-1.928893,1,-1.939752,0.069009
34,29,-1.935276,1,-1.946107,0.067271
34,30,-1.941433,0,-1.917687,0.065436
34,31,-1.915160,1,-1.923755,0.061911
34,32,-1.921078,1,-1.929356,0.059066
34,33,-1.926479,1,-1.934651,0.056818
34,34,-1.931717,1,-1.939604,0.054936
34,35,-1.936564,1,-1.944347,0.053404
34,36,-1.941312,1,-1.948828,0.052082
34,37,-1.945708,0,-1.929351,0.052479
34,38,-1.927010,1,-1.933752,0.050855
34,39,-1.931419,1,-1.937903,0.049432
34,40,-1.935493,1,-1.941907,0.048210
35,1,-0.647661,1,-1.323926,1.216125
35,2,-1.106588,1,-1.620842,1.117931
35,3,-1.474511,1,-1.884288,1.012953
35,4,-1.776842,1,-2.115703,0.908826
35,5,-2.034154,1,-2.316118,0.807871
35,6,-2.251309,1,-2.489290,0.713671
35,7,-2.437984,0,-1.842333,0.703598
35,8,-1.958917,0,-1.244781,0.799472
35,9,-1.392568,1,-1.424669,0.684491
35,10,-1.556113,1,-1.560769,0.577240
35,11,-1.655642,1,-1.662616,0.482271
35,12,-1.724943,1,-1.739016,0.400472
35,13,-1.775196,1,-1.797249,0.334948
35,14,-1.814720,1,-1.842532,0.281685
35,15,-1.846076,0,-1.673934,0.375998
35,16,-1.730447,1,-1.723343,0.307294
35,17,-1.758815,1,-1.759989,0.251853
35,18,-1.780986,1,-1.787896,0.207505
35,19,-1.799001,1,-1.809784,0.173066
35,20,-1.814242,1,-1.827437,0.146263
35,21,-1.827391,1,-1.842275,0.126594
35,22,-1.839248,1,-1.855061,0.112064
35,23,-1.849929,1,-1.866377,0.101670
35,24,-1.859689,1,-1.876642,0.094514
35,25,-1.868732,1,-1.886157,0.089844
35,26,-1.877219,1,-1.895147,0.087071
35,27,-1.885277,1,-1.903784,0.085768
35,28,-1.893006,1,-1.911951,0.085326
35,29,-1.900305,1,-1.919985,0.085849
35,30,-1.907292,1,-1.927992,0.087211
35,31,-1.914148,1,-1.935770,0.088971
35,32,-1.920749,1,-1.943672,0.091426
35,33,-1.927189,1,-1.951795,0.094567
35,34,-1.933627,1,-1.959868,0.097937
35,35,-1.939920,1,-1.968306,0.101953
35,36,-1.946169,1,-1.977218,0.106628
35,37,-1.952562,1,-1.986243,0.111406
35,38,-1.958877,1,-1.995897,0.116790
35,39,-1.965356,1,-2.006305,0.122766
35,40,-1.972109,1,-2.016966,0.128650
36,1,-0.647661,1,-1.323926,1.216125
36,2,-1.106588,1,-1.620842,1.117931
36,3,-1.474511,1,-1.884288,1.012953
36,4,-1.776842,1,-2.115703,0.908826
36,5,-2.034154,0,-1.260726,0.814228
36,6,-1.397610,1,-1.443095,0.702796
36,7,-1.562178,1,-1.582147,0.598809
36,8,-1.661545,1,-1.687207,0.508732
36,9,-1.731399,1,-1.767418,0.435381
36,10,-1.783654,1,-1.829960,0.378778
36,11,-1.824495,1,-1.880218,0.338221
36,12,-1.857870,1,-1.922666,0.312936
36,13,-1.886651,1,-1.959975,0.299708
36,14,-1.912027,1,-1.993543,0.295170
36,15,-1.934513,1,-2.024909,0.297436
36,16,-1.954907,1,-2.055346,0.304841
36,17,-1.973789,1,-2.085933,0.316093
36,18,-1.991625,1,-2.117625,0.330240
36,19,-2.008782,0,-1.946156,0.133011
36,20,-1.939975,1,-1.960216,0.124436
36,21,-1.952310,1,-1.972827,0.119446
36,22,-1.963477,1,-1.984363,0.117351
36,23,-1.973690,1,-1.995118,0.117601
36,24,-1.983124,1,-2.005331,0.119797
36,25,-1.991926,1,-2.015202,0.123678
36,26,-2.000216,0,-1.968590,0.078052
36,27,-1.965000,1,-1.976363,0.073767
36,28,-1.972511,1,-1.983573,0.070602
36,29,-1.979557,1,-1.990333,0.068314
36,30,-1.986090,1,-1.996728,0.066745
36,31,-1.992365,1,-2.002702,0.065640
36,32,-1.998203,0,-1.976165,0.061451
36,33,-1.973360,1,-1.981830,0.058935
36,34,-1.978993,1,-1.987191,0.056864
36,35,-1.984265,1,-1.992197,0.055068
36,36,-1.989309,1,-1.996989,0.053554
36,37,-1.994035,0,-1.975088,0.054577
36,38,-1.972810,1,-1.979777,0.052738
36,39,-1.977463,1,-1.984256,0.051168
36,40,-1.981955,1,-1.988477,0.049761
37,1,-0.647661,1,-1.323926,1.216125
37,2,-1.106588,1,-1.620842,1.117931
37,3,-1.474511,1,-1.884288,1.012953
37,4,-1.776842,1,-2.115703,0.908826
37,5,-2.034154,1,-2.316118,0.807871
37,6,-2.251309,0,-1.570543,0.764691
37,7,-1.701399,1,-1.732123,0.653104
37,8,-1.839889,1,-1.854700,0.552699
37,9,-1.925211,1,-1.947363,0.467674
37,10,-1.985961,0,-1.629331,0.602091
37,11,-1.779440,1,-1.735262,0.499149
37,12,-1.838827,1,-1.810987,0.410129
37,13,-1.876950,1,-1.865590,0.336073
37,14,-1.904827,1,-1.905824,0.274860
37,15,-1.926523,1,-1.936155,0.227747
37,16,-1.944787,1,-1.959847,0.190767
37,17,-1.960351,1,-1.979142,0.163817
37,18,-1.974175,1,-1.995364,0.144439
37,19,-1.986615,0,-1.927633,0.177443
37,20,-1.936264,1,-1.943956,0.147483
37,21,-1.947586,1,-1.957262,0.124455
37,22,-1.957649,0,-1.905693,0.175290
37,23,-1.916752,1,-1.920858,0.144584
37,24,-1.926688,1,-1.933034,0.120884
37,25,-1.935492,1,-1.943154,0.102886
37,26,-1.943470,1,-1.951751,0.089020
37,27,-1.950703,1,-1.959306,0.078836
37,28,-1.957316,1,-1.966114,0.071400
37,29,-1.963557,1,-1.972268,0.065798
37,30,-1.969396,1,-1.978001,0.061705
37,31,-1.974835,1,-1.983303,0.058563
37,32,-1.980070,1,-1.988349,0.056199
37,33,-1.984937,1,-1.993086,0.054304
37,34,-1.989687,0,-1.971729,0.056025
37,35,-1.969326,1,-1.976385,0.053548
37,36,-1.973836,1,-1.980750,0.051552
37,37,-1.978174,1,-1.984946,0.049958
37,38,-1.982346,1,-1.988921,0.048599
37,39,-1.986281,1,-1.992776,0.047459
37,40,-1.990225,1,-1.996457,0.046443
38,1,-0.647661,1,-1.323926,1.216125
38,2,-1.106588,1,-1.620842,1.117931
38,3,-1.474511,1,-1.884288,1.012953
38,4,-1.776842,1,-2.115703,0.908826
38,5,-2.034154,1,-2.316118,0.807871
38,6,-2.251309,0,-1.570543,0.764691
38,7,-1.701399,1,-1.732123,0.653104
38,8,-1.839889,1,-1.854700,0.552699
38,9,-1.925211,0,-1.449867,0.695055
38,10,-1.632095,1,-1.588863,0.582649
38,11,-1.726598,1,-1.688584,0.482746
38,12,-1.780845,1,-1.760389,0.396302
38,13,-1.817204,1,-1.812497,0.325379
38,14,-1.844639,1,-1.851293,0.267373
38,15,-1.866416,1,-1.881061,0.223227
38,16,-1.885032,1,-1.904928,0.189992
38,17,-1.901394,1,-1.924654,0.165281
38,18,-1.915813,1,-1.941836,0.148626
38,19,-1.929190,1,-1.957135,0.137762
38,20,-1.941472,1,-1.971150,0.131479
38,21,-1.952919,1,-1.984319,0.128679
38,22,-1.963730,1,-1.996967,0.128469
38,23,-1.974049,1,-2.009344,0.130180
38,24,-1.983998,1,-2.021649,0.133340
38,25,-1.993691,1,-2.034048,0.137628
38,26,-2.003230,0,-1.967720,0.077792
38,27,-1.961589,1,-1.975299,0.074583
38,28,-1.968833,1,-1.982516,0.072456
38,29,-1.975703,0,-1.950591,0.069679
38,30,-1.947114,1,-1.957150,0.065617
38,31,-1.953495,1,-1.963203,0.062409
38,32,-1.959489,1,-1.968941,0.059926
38,33,-1.965094,1,-1.974419,0.057964
38,34,-1.970596,1,-1.979579,0.056310
38,35,-1.975660,1,-1.984558,0.054965
38,36,-1.980681,1,-1.989287,0.053797
38,37,-1.985321,1,-1.993889,0.052843
38,38,-1.989979,1,-1.998290,0.052008
38,39,-1.994270,1,-2.002503,0.051281
38,40,-1.998479,1,-2.006646,0.050720
39,1,-0.647661,1,-1.323926,1.216125
39,2,-1.106588,1,-1.620842,1.117931
39,3,-1.474511,1,-1.884288,1.012953
39,4,-1.776842,1,-2.115703,0.908826
39,5,-2.034154,1,-2.316118,0.807871
39,6,-2.251309,1,-2.489290,0.713671
39,7,-2.437984,1,-2.638615,0.627468
39,8,-2.598948,0,-2.075473,0.639530
39,9,-2.174424,1,-2.198419,0.539696
39,10,-2.274347,1,-2.291785,0.452800
39,11,-2.339807,1,-2.362820,0.380804
39,12,-2.387484,0,-2.112799,0.502705
39,13,-2.217848,0,-1.772892,0.671239
39,14,-1.926676,1,-1.904490,0.562056
39,15,-2.029459,1,-2.000479,0.464641
39,16,-2.088925,0,-1.700303,0.640593
39,17,-1.867302,1,-1.819731,0.533419
39,18,-1.943793,0,-1.450833,0.719135
39,19,-1.634843,1,-1.599579,0.603835
39,20,-1.751036,1,-1.706744,0.499775
39,21,-1.814093,1,-1.783216,0.408985
39,22,-1.853775,1,-1.837899,0.332904
39,23,-1.881913,1,-1.877616,0.271047
39,24,-1.903534,1,-1.907232,0.221363
39,25,-1.921091,1,-1.930001,0.182626
39,26,-1.935935,1,-1.948228,0.153127
39,27,-1.949093,1,-1.963307,0.130463
39,28,-1.960760,0,-1.901742,0.179698
39,29,-1.912524,1,-1.918151,0.148269
39,30,-1.923510,1,-1.931318,0.124052
39,31,-1.933178,1,-1.942247,0.105729
39,32,-1.941873,1,-1.951620,0.092078
39,33,-1.949831,1,-1.959891,0.082029
39,34,-1.957097,1,-1.967368,0.074681
39,35,-1.963947,1,-1.974134,0.069134
39,36,-1.970347,1,-1.980451,0.065088
39,37,-1.976298,1,-1.986425,0.062103
39,38,-1.982081,1,-1.992016,0.059768
39,39,-1.987482,1,-1.997397,0.058002
39,40,-1.992719,1,-2.002496,0.056568
40,1,-0.647661,1,-1.323926,1.216125
40,2,-1.106588,1,-1.620842,1.117931
40,3,-1.474511,1,-1.884288,1.012953
40,4,-1.776842,1,-2.115703,0.908826
40,5,-2.034154,0,-1.260726,0.814228
40,6,-1.397610,1,-1.443095,0.702796
40,7,-1.562178,1,-1.582147,0.598809
40,8,-1.661545,1,-1.687207,0.508732
40,9,-1.731399,1,-1.767418,0.435381
40,10,-1.783654,1,-1.829960,0.378778
40,11,-1.824495,1,-1.880218,0.338221
40,12,-1.857870,1,-1.922666,0.312936
40,13,-1.886651,1,-1.959975,0.299708
40,14,-1.912027,1,-1.993543,0.295170
40,15,-1.934513,1,-2.024909,0.297436
40,16,-1.954907,1,-2.055346,0.304841
40,17,-1.973789,1,-2.085933,0.316093
40,18,-1.991625,0,-1.923136,0.145878
40,19,-1.919338,1,-1.938758,0.132779
40,20,-1.932645,1,-1.952463,0.124204
40,21,-1.944533,1,-1.964747,0.119319
40,22,-1.955297,1,-1.976276,0.117942
40,23,-1.965379,1,-1.987119,0.118972
40,24,-1.974739,0,-1.936915,0.090650
40,25,-1.934522,0,-1.892331,0.110993
40,26,-1.893946,1,-1.903131,0.096673
40,27,-1.903183,1,-1.912484,0.085835
40,28,-1.911518,1,-1.920760,0.077663
40,29,-1.919107,1,-1.928219,0.071485
40,30,-1.926047,1,-1.935045,0.066775
40,31,-1.932586,1,-1.941268,0.063016
40,32,-1.938610,1,-1.947085,0.060079
40,33,-1.944247,1,-1.952471,0.057656
40,34,-1.949605,1,-1.957587,0.055699
40,35,-1.954585,0,-1.934210,0.057781
40,36,-1.932128,1,-1.939254,0.055285
40,37,-1.937042,1,-1.944033,0.053255
40,38,-1.941789,1,-1.948509,0.051510
40,39,-1.946180,1,-1.952798,0.050036
40,40,-1.950526,1,-1.956853,0.048723
41,1,-0.647661,1,-1.323926,1.216125
41,2,-1.106588,1,-1.620842,1.117931
41,3,-1.474511,1,-1.884288,1.012953
41,4,-1.776842,1,-2.115703,0.908826
41,5,-2.034154,1,-2.316118,0.807871
41,6,-2.251309,1,-2.489290,0.713671
41,7,-2.437984,1,-2.638615,0.627468
41,8,-2.598948,0,-2.075473,0.639530
41,9,-2.174424,0,-1.542625,0.754844
41,10,-1.684276,1,-1.702851,0.640219
41,11,-1.822898,1,-1.823277,0.535723
41,12,-1.907330,0,-1.429342,0.696448
41,13,-1.613562,1,-1.569119,0.583549
41,14,-1.708107,1,-1.669316,0.482880
41,15,-1.762472,1,-1.741326,0.395571
41,16,-1.799002,1,-1.793437,0.323705
41,17,-1.826468,1,-1.832165,0.266051
41,18,-1.848703,1,-1.861896,0.220327
41,19,-1.867344,1,-1.885565,0.185291
41,20,-1.883648,1,-1.904977,0.158530
41,21,-1.898028,1,-1.921732,0.139488
41,22,-1.911283,1,-1.936511,0.125970
41,23,-1.923422,0,-1.869082,0.146964
41,24,-1.872091,1,-1.882664,0.124111
41,25,-1.882535,1,-1.894116,0.106920
41,26,-1.891978,1,-1.904069,0.094214
41,27,-1.900649,1,-1.912953,0.084959
41,28,-1.908646,1,-1.921061,0.078292
41,29,-1.916124,1,-1.928595,0.073532
41,30,-1.923232,1,-1.935547,0.069992
41,31,-1.929897,1,-1.942167,0.067517
41,32,-1.936150,1,-1.948540,0.065835
41,33,-1.942254,1,-1.954579,0.064623
41,34,-1.948000,1,-1.960487,0.063924
41,35,-1.953570,1,-1.966151,0.063514
41,36,-1.958919,0,-1.939559,0.056414
41,37,-1.935859,0,-1.917058,0.058059
41,38,-1.914407,1,-1.922024,0.055479
41,39,-1.919358,1,-1.926756,0.053438
41,40,-1.923988,1,-1.931203,0.051722
42,1,-0.647661,1,-1.323926,1.216125
42,2,-1.106588,1,-1.620842,1.117931
42,3,-1.474511,1,-1.884288,1.012953
42,4,-1.776842,1,-2.115703,0.908826
42,5,-2.034154,1,-2.316118,0.807871
42,6,-2.251309,1,-2.489290,0.713671
42,7,-2.437984,1,-2.638615,0.627468
42,8,-2.598948,1,-2.766746,0.549241
42,9,-2.736569,0,-2.280829,0.574690
42,10,-2.363233,1,-2.387412,0.483769
42,11,-2.449799,0,-2.028553,0.617232
42,12,-2.151826,1,-2.144664,0.515536
42,13,-2.241543,1,-2.230436,0.426625
42,14,-2.297177,0,-1.955265,0.584804
42,15,-2.093885,0,-1.514200,0.748283
42,16,-1.666683,1,-1.673046,0.633593
42,17,-1.805737,1,-1.791485,0.528867
42,18,-1.888434,1,-1.878704,0.436900
42,19,-1.943827,1,-1.943017,0.358511
42,20,-1.983868,1,-1.990926,0.294232
42,21,-2.014694,0,-1.816976,0.426922
42,22,-1.895470,1,-1.875550,0.349150
42,23,-1.926318,1,-1.918177,0.284916
42,24,-1.949610,1,-1.949851,0.232627
42,25,-1.968054,1,-1.973965,0.191360
42,26,-1.983467,1,-1.992888,0.158692
42,27,-1.996602,1,-2.008308,0.134149
42,28,-2.008345,1,-2.021272,0.115473
42,29,-2.018861,1,-2.032493,0.101544
42,30,-2.028424,1,-2.042470,0.091335
42,31,-2.037247,1,-2.051549,0.083961
42,32,-2.045495,0,-2.012877,0.095695
42,33,-2.011813,1,-2.021518,0.084621
42,34,-2.019443,1,-2.029248,0.076459
42,35,-2.026444,0,-1.997172,0.092782
42,36,-1.997255,1,-2.005151,0.081657
42,37,-2.004179,1,-2.012164,0.073180
42,38,-2.010562,0,-1.982439,0.091453
42,39,-1.983293,1,-1.989913,0.079859
42,40,-1.989720,1,-1.996524,0.071324
43,1,-0.647661,1,-1.323926,1.216125
43,2,-1.106588,1,-1.620842,1.117931
43,3,-1.474511,1,-1.884288,1.012953
43,4,-1.776842,1,-2.115703,0.908826
43,5,-2.034154,1,-2.316118,0.807871
43,6,-2.251309,1,-2.489290,0.713671
43,7,-2.437984,0,-1.842333,0.703598
43,8,-1.958917,1,-1.983644,0.597128
43,9,-2.075849,1,-2.090881,0.503524
43,10,-2.150627,1,-2.172133,0.423798
43,11,-2.203661,0,-1.881578,0.560196
43,12,-2.011475,1,-1.975860,0.462714
43,13,-2.065119,1,-2.043368,0.380412
43,14,-2.100621,0,-1.823656,0.546902
43,15,-1.962860,1,-1.912208,0.449514
43,16,-2.007667,1,-1.974339,0.367157
43,17,-2.036594,1,-2.018632,0.298814
43,18,-2.057622,1,-2.050861,0.243073
43,19,-2.074046,1,-2.074905,0.197865
43,20,-2.087485,0,-1.991644,0.295419
43,21,-2.033792,1,-2.022244,0.238608
43,22,-2.048174,1,-2.044523,0.193958
43,23,-2.060021,1,-2.061398,0.158599
43,24,-2.070028,1,-2.074600,0.131168
43,25,-2.078751,1,-2.085317,0.110266
43,26,-2.086573,0,-2.044604,0.156914
43,27,-2.054430,0,-1.985518,0.241341
43,28,-2.015080,1,-2.006990,0.195822
43,29,-2.025499,1,-2.023017,0.159653
43,30,-2.034284,1,-2.035377,0.130626
43,31,-2.041855,1,-2.045162,0.108500
43,32,-2.048568,0,-2.008685,0.158839
43,33,-2.020553,0,-1.954411,0.243491
43,34,-1.985898,1,-1.975551,0.197106
43,35,-1.995536,1,-1.991153,0.160269
43,36,-2.003638,1,-2.003078,0.130681
43,37,-2.010642,1,-2.012418,0.108088
43,38,-2.016730,0,-1.978700,0.159050
43,39,-1.991382,1,-1.990328,0.129761
43,40,-1.998056,1,-1.999432,0.107361
44,1,-0.647661,1,-1.323926,1.216125
44,2,-1.106588,1,-1.620842,1.117931
44,3,-1.474511,1,-1.884288,1.012953
44,4,-1.776842,1,-2.115703,0.908826
44,5,-2.034154,0,-1.260726,0.814228
44,6,-1.397610,1,-1.443095,0.702796
44,7,-1.562178,1,-1.582147,0.598809
44,8,-1.661545,1,-1.687207,0.508732
44,9,-1.731399,1,-1.767418,0.435381
44,10,-1.783654,1,-1.829960,0.378778
44,11,-1.824495,1,-1.880218,0.338221
44,12,-1.857870,1,-1.922666,0.312936
44,13,-1.886651,1,-1.959975,0.299708
44,14,-1.912027,1,-1.993543,0.295170
44,15,-1.934513,1,-2.024909,0.297436
44,16,-1.954907,1,-2.055346,0.304841
44,17,-1.973789,1,-2.085933,0.316093
44,18,-1.991625,1,-2.117625,0.330240
44,19,-2.008782,1,-2.151300,0.346546
44,20,-2.025620,1,-2.187782,0.364340
44,21,-2.042530,0,-1.983772,0.121941
44,22,-1.974184,1,-1.995897,0.119430
44,23,-1.985053,0,-1.942958,0.102049
44,24,-1.941033,1,-1.953801,0.092093
44,25,-1.951054,1,-1.963470,0.084574
44,26,-1.960189,1,-1.972227,0.078922
44,27,-1.968531,1,-1.980264,0.074694
44,28,-1.976268,1,-1.987728,0.071565
44,29,-1.983538,1,-1.994592,0.069149
44,30,-1.990299,0,-1.963990,0.068794
44,31,-1.961464,1,-1.970645,0.064955
44,32,-1.967920,1,-1.976848,0.061900
44,33,-1.973990,1,-1.982572,0.059338
44,34,-1.979710,0,-1.957345,0.062377
44,35,-1.955276,1,-1.963123,0.059326
44,36,-1.960988,1,-1.968462,0.056770
44,37,-1.966178,1,-1.973506,0.054663
44,38,-1.971228,1,-1.978221,0.052831
44,39,-1.975854,1,-1.982726,0.051269
44,40,-1.980430,1,-1.986974,0.049868
45,1,-0.647661,1,-1.323926,1.216125
45,2,-1.106588,1,-1.620842,1.117931
45,3,-1.474511,1,-1.884288,1.012953
45,4,-1.776842,1,-2.115703,0.908826
45,5,-2.034154,0,-1.260726,0.814228
45,6,-1.397610,1,-1.443095,0.702796
45,7,-1.562178,1,-1.582147,0.598809
45,8,-1.661545,1,-1.687207,0.508732
45,9,-1.731399,1,-1.767418,0.435381
45,10,-1.783654,1,-1.829960,0.378778
45,11,-1.824495,1,-1.880218,0.338221
45,12,-1.857870,1,-1.922666,0.312936
45,13,-1.886651,1,-1.959975,0.299708
45,14,-1.912027,1,-1.993543,0.295170
45,15,-1.934513,1,-2.024909,0.297436
45,16,-1.954907,1,-2.055346,0.304841
45,17,-1.973789,1,-2.085933,0.316093
45,18,-1.991625,1,-2.117625,0.330240
45,19,-2.008782,1,-2.151300,0.346546
45,20,-2.025620,1,-2.187782,0.364340
45,21,-2.042530,1,-2.225574,0.381368
45,22,-2.059260,1,-2.267099,0.398514
45,23,-2.076819,1,-2.312766,0.414821
45,24,-2.095910,0,-2.036225,0.121779
45,25,-2.022422,1,-2.047197,0.124672
45,26,-2.031982,1,-2.057837,0.129024
45,27,-2.040958,1,-2.068320,0.134762
45,28,-2.049424,1,-2.078817,0.141868
45,29,-2.057436,0,-2.028298,0.072769
45,30,-2.023747,1,-2.035493,0.070579
45,31,-2.030903,1,-2.042292,0.069004
45,32,-2.037572,1,-2.048762,0.067987
45,33,-2.043920,0,-2.019136,0.063229
45,34,-2.016060,1,-2.025265,0.060830
45,35,-2.022205,1,-2.030957,0.058721
45,36,-2.027885,0,-2.006147,0.060441
45,37,-2.003737,1,-2.011735,0.057994
45,38,-2.009345,1,-2.017014,0.055919
45,39,-2.014543,0,-1.993113,0.058513
45,40,-1.991214,1,-1.998394,0.056115
46,1,-0.647661,1,-1.323926,1.216125
46,2,-1.106588,1,-1.620842,1.117931
46,3,-1.474511,1,-1.884288,1.012953
46,4,-1.776842,1,-2.115703,0.908826
46,5,-2.034154,1,-2.316118,0.807871
46,6,-2.251309,0,-1.570543,0.764691
46,7,-1.701399,1,-1.732123,0.653104
46,8,-1.839889,1,-1.854700,0.552699
46,9,-1.925211,1,-1.947363,0.467674
46,10,-1.985961,1,-2.018421,0.398676
46,11,-2.032269,1,-2.073986,0.344767
46,12,-2.068844,1,-2.119048,0.306360
46,13,-2.099403,1,-2.156960,0.280991
46,14,-2.125581,1,-2.190479,0.267056
46,15,-2.148933,1,-2.220877,0.261358
46,16,-2.169856,0,-2.079620,0.205728
46,17,-2.088319,1,-2.102244,0.174256
46,18,-2.105116,0,-2.018192,0.236637
46,19,-2.040021,0,-1.903617,0.350102
46,20,-1.959668,1,-1.945904,0.284716
46,21,-1.982020,1,-1.976870,0.231437
46,22,-1.999402,0,-1.872767,0.346392
46,23,-1.930391,1,-1.913092,0.280958
46,24,-1.950095,1,-1.942312,0.228016
46,25,-1.965374,1,-1.963995,0.186355
46,26,-1.978060,1,-1.980686,0.153279
46,27,-1.988788,1,-1.993913,0.127540
46,28,-1.998091,0,-1.944806,0.185304
46,29,-1.959989,1,-1.960773,0.151765
46,30,-1.969793,1,-1.973304,0.125726
46,31,-1.978281,1,-1.983484,0.105829
46,32,-1.985846,1,-1.992041,0.090830
46,33,-1.992762,1,-1.999386,0.079323
46,34,-1.999030,1,-2.005894,0.070873
46,35,-2.004766,1,-2.011706,0.064497
46,36,-2.010188,1,-2.017057,0.059829
46,37,-2.015142,1,-2.022055,0.056361
46,38,-2.020036,1,-2.026698,0.053648
46,39,-2.024453,1,-2.031036,0.051484
46,40,-2.028747,1,-2.035192,0.049773
47,1,-0.647661,1,-1.323926,1.216125
47,2,-1.106588,1,-1.620842,1.117931
47,3,-1.474511,1,-1.884288,1.012953
47,4,-1.776842,1,-2.115703,0.908826
47,5,-2.034154,0,-1.260726,0.814228
47,6,-1.397610,1,-1.443095,0.702796
47,7,-1.562178,1,-1.582147,0.598809
47,8,-1.661545,1,-1.687207,0.508732
47,9,-1.731399,1,-1.767418,0.435381
47,10,-1.783654,1,-1.829960,0.378778
47,11,-1.824495,1,-1.880218,0.338221
47,12,-1.857870,1,-1.922666,0.312936
47,13,-1.886651,1,-1.959975,0.299708
47,14,-1.912027,1,-1.993543,0.295170
47,15,-1.934513,1,-2.024909,0.297436
47,16,-1.954907,1,-2.055346,0.304841
47,17,-1.973789,1,-2.085933,0.316093
47,18,-1.991625,1,-2.117625,0.330240
47,19,-2.008782,1,-2.151300,0.346546
47,20,-2.025620,1,-2.187782,0.364340
47,21,-2.042530,1,-2.225574,0.381368
47,22,-2.059260,1,-2.267099,0.398514
47,23,-2.076819,1,-2.312766,0.414821
47,24,-2.095910,1,-2.362636,0.429134
47,25,-2.117672,1,-2.416263,0.440182
47,26,-2.144537,1,-2.472581,0.446782
47,27,-2.183244,1,-2.535653,0.448512
47,28,-2.278546,1,-2.616733,0.443142
47,29,-2.438129,0,-2.183583,0.168924
47,30,-2.126894,1,-2.203324,0.173529
47,31,-2.142410,0,-2.090478,0.083392
47,32,-2.080205,1,-2.099341,0.082674
47,33,-2.088570,0,-2.058032,0.070313
47,34,-2.053210,0,-2.022462,0.071646
47,35,-2.019088,1,-2.029950,0.068169
47,36,-2.026522,0,-1.998148,0.072027
47,37,-1.995603,1,-2.005552,0.068001
47,38,-2.002929,0,-1.973181,0.074326
47,39,-1.971495,1,-1.980604,0.069274
47,40,-1.978671,1,-1.987416,0.065258
48,1,-0.647661,1,-1.323926,1.216125
48,2,-1.106588,1,-1.620842,1.117931
48,3,-1.474511,1,-1.884288,1.012953
48,4,-1.776842,1,-2.115703,0.908826
48,5,-2.034154,1,-2.316118,0.807871
48,6,-2.251309,0,-1.570543,0.764691
48,7,-1.701399,1,-1.732123,0.653104
48,8,-1.839889,1,-1.854700,0.552699
48,9,-1.925211,1,-1.947363,0.467674
48,10,-1.985961,1,-2.018421,0.398676
48,11,-2.032269,0,-1.756993,0.514431
48,12,-1.867063,1,-1.837287,0.423537
48,13,-1.909825,1,-1.895248,0.346675
48,14,-1.939986,1,-1.937641,0.283956
48,15,-1.963095,1,-1.969409,0.233734
48,16,-1.981829,1,-1.993949,0.195081
48,17,-1.997693,1,-2.013711,0.166477
48,18,-2.011685,1,-2.030150,0.145539
48,19,-2.024068,1,-2.044278,0.131074
48,20,-2.035283,0,-1.984880,0.151759
48,21,-1.989912,1,-1.998691,0.127524
48,22,-2.000187,1,-2.010206,0.109181
48,23,-2.009398,1,-2.020112,0.095557
48,24,-2.017778,1,-2.028872,0.085610
48,25,-2.025539,1,-2.036805,0.078460
48,26,-2.032828,1,-2.043991,0.073189
48,27,-2.039588,0,-2.012388,0.081240
48,28,-2.010897,1,-2.019468,0.073202
48,29,-2.017294,1,-2.025926,0.067304
48,30,-2.023343,1,-2.031810,0.062805
48,31,-2.028997,1,-2.037325,0.059456
48,32,-2.034292,0,-2.012380,0.065394
48,33,-2.010704,1,-2.017893,0.060695
48,34,-2.015858,1,-2.023039,0.057190
48,35,-2.020890,1,-2.027815,0.054435
48,36,-2.025480,1,-2.032356,0.052294
48,37,-2.030045,0,-2.012484,0.055689
48,38,-2.010850,1,-2.016998,0.052878
48,39,-2.015162,1,-2.021281,0.050703
48,40,-2.019446,1,-2.025307,0.048916
49,1,-0.647661,1,-1.323926,1.216125
49,2,-1.106588,1,-1.620842,1.117931
49,3,-1.474511,1,-1.884288,1.012953
49,4,-1.776842,1,-2.115703,0.908826
49,5,-2.034154,1,-2.316118,0.807871
49,6,-2.251309,1,-2.489290,0.713671
49,7,-2.437984,0,-1.842333,0.703598
49,8,-1.958917,1,-1.983644,0.597128
49,9,-2.075849,1,-2.090881,0.503524
49,10,-2.150627,1,-2.172133,0.423798
49,11,-2.203661,1,-2.234353,0.359045
49,12,-2.244262,1,-2.283141,0.309188
49,13,-2.277062,1,-2.323087,0.273851
49,14,-2.305085,0,-2.164698,0.319105
49,15,-2.202602,1,-2.203924,0.261580
49,16,-2.226246,0,-2.071066,0.378037
49,17,-2.136352,1,-2.119279,0.308524
49,18,-2.161545,0,-1.960978,0.457335
49,19,-2.062088,1,-2.025675,0.373105
49,20,-2.092984,1,-2.071540,0.302642
49,21,-2.114617,0,-1.921250,0.456112
49,22,-2.025406,0,-1.665998,0.637868
49,23,-1.845466,1,-1.783744,0.530633
49,24,-1.918618,1,-1.866697,0.435804
49,25,-1.959043,0,-1.620677,0.620287
49,26,-1.798564,1,-1.731666,0.514315
49,27,-1.860400,1,-1.809433,0.421199
49,28,-1.895590,1,-1.863768,0.343154
49,29,-1.919601,1,-1.902613,0.278000
49,30,-1.937392,1,-1.930703,0.225657
49,31,-1.951691,1,-1.951670,0.183565
49,32,-1.963522,1,-1.967745,0.150534
49,33,-1.973718,1,-1.980504,0.125139
49,34,-1.982741,0,-1.930374,0.183732
49,35,-1.944243,1,-1.945748,0.149881
49,36,-1.953445,1,-1.957777,0.123831
49,37,-1.961579,1,-1.967563,0.104108
49,38,-1.968886,0,-1.929652,0.148847
49,39,-1.938312,1,-1.941160,0.122916
49,40,-1.945826,1,-1.950488,0.103181
